순번/순위,구분,상품명,ItemId,ISBN13,부가기호,저자/아티스트,출판사/제작사,출간일,정가,판매가,마일리지,세일즈포인트,대표분류(대분류명),책소개,목차
1,만화,체인소 맨 21,376840323,9791141173500,7650,후지모토 타츠키 저자,학산문화사(만화),20251125,6000,5400,300점,40970,만화,,
2,만화,요츠바랑! 16,375613947,9791142332876,7830,아즈마 키요히코 지음,대원씨아이(만화),20251031,8000,7200,400점,38145,만화,"책소개
4년 만에 돌아온 요츠바의 귀여운 일상!

조금씩 성장하는 아이와, 변함없는 어른들.
하루하루 즐거운 기억을 혹은 추억을 만들어가는 요츠바의 일상!

계절은 어느덧 가을을 넘어 겨울을 향해 가고, 크리스마스를 준비하는 요츠바!
아빠와 얀다랑 함께 가을 산을 오르고, 학교에 가서 거꾸로오르기 철봉 연습을 하고!
하루하루 즐거운 일로 가득 채워가면서 서서히 쫌! 언니가 되어가는 요츠바의 일상을 만나보자.

올해 가을에도 요츠바와 함께!
16권에는 깜짝 선물처럼 등장하는 그! 사!람!도 등장!
46페이지의 가필 분량에 더해 총 256페이지의 볼륨으로 보내드리는 4년 만의 신간!","목차
제105화 요츠바랑! 크리스마스트리
제106화 요츠바랑! 식당
제107화 요츠바랑! 사이좋게
제108화 요츠바랑! 다카오산
제109화 요츠바랑! 산이랑 시냇물
제110화 요츠바랑! 산꼭대기
제111화 요츠바랑! 취미
제112화 요츠바랑! 선생님"
3,만화,내가 키운 S급들 1~2 + 굿즈 패키지 세트,377264017,9791139657494,4810,"비완 지음, 근서 원작, seri 각색",JAYPLEMEDIA,20251222,29600,26640,"1,480점",25780,만화,,
4,만화,원피스 112,374587018,9791142319723,7830,오다 에이치로 지음,대원씨아이(만화),20251031,6000,5400,300점,52465,만화,"책소개
밝혀지는 신화──!!
신전이 가리키는 '도래할 세계'란?!

염원하던 엘바프에 상륙하고 로빈은 사우로와 고대하던 재회를 이룬다.
그리고 미지의 비경에서 새로운 모험에 시동을 거는데,
그런 한편 꺼림칙한 분위기의 침입자가 출현하여 폭풍의 예감이?!
'원피스'를 둘러싼 해양 모험 로망!!",
5,만화,그 비스크 돌은 사랑을 한다 15,376257892,9791138488044,7830,"후쿠다 신이치 지음, 박연지 옮김",㈜소미미디어,20251106,6000,5400,300점,18170,만화,"책소개
TV 애니메이션 방영작!!
메가히트 코스프레 러브 코미디!!
대망의 완결권 발매!!

키타가와 마린과 고죠 와카나, 두 사람의 관계는…
마침내 사귀게 된 마린과 와카나.
와카나 생일에 만나서는 어느 행동을 둘러싸고 말다툼을 벌이는데…?!
더구나 두 사람은 추억이 깃든 그곳에 가서….
코스프레 학교생활이 마침내 완결!!
단편도 듬뿍 담은 제15권!!","목차
제110화
제111화
제112화
제113화
제114화
제115화
번외편
에필로그
스타게이저
보너스"
6,만화,사카모토 데이즈 23 (더블 특전판),374877746,9791142333699,7830,스즈키 유우토 지음,대원씨아이(만화),20251031,6500,5850,320점,50665,만화,"책소개
일상×비일상 솔리드 코미디 킬러 액션- 재생의 제23권!!

멈추지 않고 거머쥔 지금…
돌이켜 본 과거, 직시하는 미래.",
7,만화,도쿄 에일리언즈 11,377708272,9791142813184,47830,"NAOE 지음, 박소현 옮김",서울미디어코믹스(서울문화사),20251117,6000,5400,300점,31640,만화,"책소개
성가신 인간은 제거한다――.
아마미야, 당신의 특기잖아요.

우주인용 불법 약물을 거래하는 현장을 우연히 목격한 군지와 텐쿠바시.
우주인들 사이의 거래인 줄 알았는데, 판매인은 AMO와 제3특별 기동대의 존재를 인식한 상태에서 군지와 텐쿠바시에게 공격을 가한다.
압도적 전투력을 가진 그 남자는 낮에는 꽃 가게에서 일하고,
「나루세」라고 불리는 수수께끼에 싸인 존재인데…?!
그 외, 기적의 일상 편 「트럼프 게임」 편도 수록한, 세상을 뒤흔들 에일리언 코믹 제11권!!

도쿄를 무대로 펼쳐지는
지구인 × 우주인의 교류를 그린
스페이스 액션!!",
8,만화,극락가 5 (더블특전판),378762449,9791142335211,7830,사노 유토 지음,대원씨아이(만화),20251128,6500,5850,320점,38870,만화,"책소개
사건 현장인 대저택에
새로운 마가의 덫이 덮쳐온다!

일그러진 사랑의 칼날을 휘두르는 우츠로와 격한 공방을 펼치는 알마.
그리고 어떤 의문사에 대한 해명 의뢰를 받고 저택으로 향한 타오와 알마는 새로운 마가와 대면하는데….",
9,만화,사카모토 홀리데이즈 2,378353900,9791142336812,7830,"오오카와 테츠 지음, 스즈키 유우토 원작",대원씨아이(만화),20251128,6500,5850,320점,28700,만화,"책소개
이코라이자카 상점가의 평화를 지키기 위해 뒷골목으로 정찰을 나간 사카모토와 신.
그곳에서 두 사람은 상점가의 영업을 방해하도록 사주하고 있던 카시마와 맞닥뜨리는데―― ?!
뒷골목 세력에 맞서기 위해, 사카모토 일행은 '강력한 동료를 스카우트 하라'는 새로운 미션에 도전한다――!",
10,만화,카구라바치 8 (더블특전판),378051111,9791142335501,7830,호카조노 타케루 지음,대원씨아이(만화),20251128,6500,5850,320점,26710,만화,,
11,만화,아름다운 초저녁달 9,376840612,9791141168179,7650,야마모리 미카 지음,학산문화사(만화),20251125,6000,5400,300점,16220,만화,,
12,만화,도쿄 에일리언즈 11 (특장판),377707942,9791142813283,44830,"NAOE 지음, 박소현 옮김",서울미디어코믹스(서울문화사),20251117,12000,10800,600점,17730,만화,"책소개
※ 특장판 구성
『도쿄 에일리언즈 11』 단행본 + 소책자(48p)

※ 소책자 특장판에는 일반판 초판 부록인 일러스트 카드 및 포토카드 3종은 제공되지 않습니다. 특장판은 별도의 초판 부록이 없습니다.
(일반판과 특장판 표지 및 부록 구성이 다릅니다. 구매에 참고하시기 바랍니다.)


성가신 인간은 제거한다――.
아마미야, 당신의 특기잖아요.

우주인용 불법 약물을 거래하는 현장을 우연히 목격한 군지와 텐쿠바시.
우주인들 사이의 거래인 줄 알았는데, 판매인은 AMO와 제3특별 기동대의 존재를 인식한 상태에서 군지와 텐쿠바시에게 공격을 가한다.
압도적 전투력을 가진 그 남자는 낮에는 꽃 가게에서 일하고,
「나루세」라고 불리는 수수께끼에 싸인 존재인데…?!
그 외, 기적의 일상 편 「트럼프 게임」 편도 수록한, 세상을 뒤흔들 에일리언 코믹 제11권!!

도쿄를 무대로 펼쳐지는
지구인 × 우주인의 교류를 그린
스페이스 액션!!",
13,만화,봇치·더·록! 8 특별판 KESSOKUBAND in KOREA 3RD BAND EDITION,377704719,9791142335488,4830,하마지 아키 지음,대원씨아이(만화),20251128,44000,39600,"2,200점",16170,만화,"책소개
※ 특별판 구성
- 『봇치 더 록! 8』 단행본
- 초판 한정 '오오츠키 요요코' 포토카드
- 케이팝 2way 아크릴 스탠드 4종
- 카세트 테이프 스타일 포토카드 4종
- 카세트 플레이어 스타일 파우치 키링 1종
- 데코 스티커 2종
- 라이벌 카드 1종",
14,만화,여자친구 1~4 세트 - 전4권,374517556,9791141613280,7810,청건 지음,빗금,20251031,62000,55800,"3,100점",25605,만화,"책소개
“남자친구는 됐어. 나는 여자친구가 필요하다고.”
진짜 여고생들의 초현실 스쿨 라이프
다크한 여고생들이 그리는 여자친구 사귀는 법!
레전드 여고 학원물 웹툰, 마침내 단행본화

신입생 허영이는 잘생긴 것으로 유명한 백빛나와 같은 고등학교에 입학해 청춘의 학교생활을 꿈꾼다. 하지만 남녀 분반, 중학교 때와 다를 거 없는 학교생활에 지루함을 느낄 무렵, 같은 반의 처음 보는 아이가 눈에 들어온다.
이름은 최한나, 게다가 빛나 오빠의 이상형과 100% 일치하는 미소녀!
설레는 마음으로 말을 걸어보았지만 돌아온 대답은…
“왜 어딜 가나 호들갑인 사람이 있는지 모르겠어. 띠껍게.”
천사 같은 얼굴로 비수를 꽂는 수수께끼의 미소녀, 최한나 너… 정체가 뭐냐?","목차
1권
1화 신학기 005
2화 최한나 045
3화 상처 094
4화 영화부 144
5화 미팅? 174
6화 미팅! 222
7화 썸씽 291

2권
8화 말해봤자 004
9화 오해와 관심 082
10화 캐스팅 178
11화 크랭크인 221
12화 영화부 해체 大위기 287

3권
13화 비밀 004
14화 균열 067
15화 고백 113
16화 전야 237
17화 밥 한끼 252
18화 사랑의 매 294
19화 소문 343

4권
20화 실체 004
21화 ♥ 070
22화 구애 158
23화 각성 221
24화 포기 328
최종화 축제 368
작가 후기 393
펼쳐보기"
15,만화,체인소 맨 20,371535926,9791141164423,7650,후지모토 타츠키 저자,학산문화사(만화),20250925,6000,5400,300점,35815,만화,,
16,만화,언제나 기억해,373383665,9788997381005,7840,"찰리 맥커시 지음, 이진경 옮김",상상의힘,20251009,22000,19800,"1,100점",24625,에세이,"책소개
『소년과 두더지와 여우와 말』이란 책이 처음 세상에 나온 것은 영국에서는 2019년 10월이었다. 그로부터 6년이 지났다. ‘자고 일어났더니 유명해져 있었다’는 말처럼 찰리 맥커시는 일약 유명한 사람이 되었다. 그의 책은 코로나 팬데믹 속에서 삶의 희망을 잇는 ‘특별한 책’으로 하나의 사회 현상이 되었다. 전 세계 누적 1,000만 부가 팔렸으며, [해리 포터]에 이어 ‘역사상 두 번째로 많이 팔린 양장본 책’이 되었다.

그렇게 하나의 현상으로 자리 잡은 이 책의 두 번째 권이 출간되었다. 소년과 두더지와 여우와 말은 여전히 길 위에 있으며, 여전히 집을 향해 가고 있다. 여기에 폭풍우가 몰아치는 더 엄중한 시련에 맞서고 있는 점이 다를 뿐이다. 그럼에도 전작의 그림은 채색이 더해졌을 뿐 아름다움을 여전히 간직하고 있으며, 글이 건네는 성찰은 더욱 깊고 따스하다, 어느 독자의 “이 책을 읽다 보면 어느 순간 나오는 것은 말이 아니라 눈물이다.”란 감상은 한 치 과장이 아니다.
 책의 일부 내용을 미리 읽어보실 수 있습니다. 미리보기","목차
서언 ……………………………… 4
본문 ……………………………… 8
감사의 말 …………………… 127"
17,만화,모모세 아키라의 첫사랑 파탄 중 2 (트리플 특전판),378768331,9791142813238,47830,"하레카와 신타 지음, 이소연 옮김",서울미디어코믹스(서울문화사),20251125,7500,6750,370점,22190,만화,"책소개
깡촌 소년 쿠가야마 하지메 곁으로 돌아온,
과거 이상형이자 동급생 모모세 아키라-.
사실 아키라는 좋아하는 하지메와 잘 되고 싶어서
주도면밀한 계획을 세우고 돌아온 것이었다!!
그러나… 요령이라곤 찾아볼 수 없는 모모세와
눈치라고는 찾아볼 수 없는 하지메의 사랑은 엇갈림의 연속!
드디어 - 모모세에 대한 호감을 자각하고
움직이기 시작하는 하지메.
생각지도 못한 급 전개에… 두 사람의 관계가
크게, 크게 흔들립니다.",
18,만화,열혈강호 94,379004652,9791142335204,7810,"전극진 지음, 양재현 그림",대원씨아이(만화),20251128,5500,4950,270점,27040,만화,,
19,만화,체인소 맨 1부 박스 세트 - 전11권,354080778,9791141151409,4650,후지모토 타츠키 지음,학산문화사(만화),20241219,70000,63000,"3,500점",25846,만화,,
20,만화,체인소 맨 19,360231181,9791141158330,7650,후지모토 타츠키 저자,학산문화사(만화),20250327,6000,5400,300점,29188,만화,,
21,만화,보이시한 여자친구가 너무 귀여워 1,375425499,9791142813160,47830,"Gyunyumugigohan 지음, 심이슬 옮김",서울미디어코믹스(서울문화사),20251129,7000,6300,350점,12905,만화,"책소개
늘 반바지를 입고 다니던
너의 갑작스러운 치마 차림에 마음이 흔들려.

「내 여자친구는 귀엽다. 그리고 보이시하다.」
고등학교 1학년인 다이치와 아키라는 소꿉친구.
어릴 적부터 함께 놀던 두 사람은 자연스럽게 연인 사이가 되었다.
평소엔 보이시한 차림으로 다닐 때가 많은 아키라는 여자답고 귀여운 스타일을 싫어한다.
하지만 학교 축제 날, 아키라는 고양이 귀 메이드 코스프레를 하고 있었는데――?!
친구 같은 관계에서 교제를 하기 시작한 풋풋한 두 사람이 자아내는 보이시 히로인 러브 코미디, 제1권.",
22,만화,얼굴만으론 좋아할 수 없어요 15 (더블특전),378824262,9791142813122,47830,"안자이 카린 지음, 이소연 옮김",서울미디어코믹스(서울문화사),20251126,6000,5400,300점,19020,만화,"책소개
「너무 좋아해서 아는 게 두려워.」

얼굴을 밝히는 여고생 사나는 최애 카나토 선배와 함께
학교 공식 계정의 「운영자」로 활약 중.
연인이 된 후로 선배는 달콤한 데다 점점 더 공급 과다!
미와종 공식 커플이 된 두 사람이었으나,
능숙해 보이는 카나토를 보며 사나는 점점 불안해지고…?

공식 커플이 되며 사랑은 초가속♡
베일에 싸인 카나토 선배의 과거에
사랑스러움이 폭발?!",
23,만화,체인소 맨 18,353810371,9791141149680,7650,후지모토 타츠키 저자,학산문화사(만화),20241217,6000,5400,300점,27178,만화,,
24,만화,나의 히어로 아카데미아 캐릭터 팬북 컴플리트 에디션,379027062,9791142813887,44830,"호리코시 코헤이 지음, 오경화 옮김",서울미디어코믹스(서울문화사),20251128,31800,28620,"1,590점",28350,만화,"책소개
※ 합본판 구성
- 『나의 히어로 아카데미아 공식 캐릭터북1 Ultra Archive』 초판
- 『나의 히어로 아카데미아 공식 캐릭터북2 Ultra Analysis』 초판
- 『나의 히어로 아카데미아 파이널 팬북 Ultra Age』 초판
- 스페셜 일러스트 카드
- 수납용 슬리브 케이스

『나의 히어로 아카데미아』 공식 캐릭터북 1, 2권 및
파이널 팬북을 모두 모은 특별 합본판 등장!!

『나의 히어로 아카데미아』의 모든 것을 총망라!!
호리코시 코헤이 선생님의 전면 검수한 공식 캐릭터북 1, 2권 및 파이널 팬북에
스페셜 일러스트 카드까지 담긴 컴플리트 에디션이 왔다!!!!!!!!",
25,만화,윈드 브레이커 11~12 세트 - 전2권,375619032,9791142071843,4650,니이 사토루 지음,리디(RIDI),20251106,12000,10800,600점,11340,만화,"책소개
살며시 다가오는 보후우린의 ""그림자""
후우린의 전설이라 불리는 남자가 그들을 덮친다!!

마을을 지키는 최강의 불량학교, 후우린 고등학교에서 정점을 노리는 소년, 사쿠라 하루카는 밤의 거리에서 한 소녀를 둘러싸고 벌어진 항쟁에 참여해 사천왕 츠바키노와 친구들과 함께 도움을 주게 된다.
그렇게 싸움이 끝을 향해 가던 중, 한 난입자가 새로운 파란을 불러오고 이는 후우린 전체를 끌어들이는 사태로 번진다!!
그 열쇠는 보후우린의 알려지지 않은 과거에 있었는데...

※ 세트 구성
『윈드 브레이커』 11~12 단행본 + 초판 한정 일러스트 카드 2종 + 세트 한정 일러스트 카드 2종","목차
11권
제83화 재생
제84화 허울 좋은 말
제85화 도화선
제86화 역린
제87화 폭풍이 지난 뒤
제88화 긴급 회의
제89화 지난날
제90화 그림자

12권
제91화 누구를 위해 강해지는가
제92화 선전포고
제93화 우메미야 하지메/소년 시절①
제94화 우메미야 하지메/소년 시절②
제95화 우메미야 하지메/소년 시절③
제96화 우메미야 하지메/입지편①
제97화 우메미야 하지메/입지편②
제98화 지키고 싶은 곳
펼쳐보기"
26,만화,봇치·더·록! 8,377704735,9791142335464,7830,하마지 아키 지음,대원씨아이(만화),20251128,9000,8100,450점,12610,만화,,
27,만화,체인소 맨 17,344098053,9791141138936,7650,후지모토 타츠키 저자,학산문화사(만화),20240822,6000,5400,300점,27415,만화,,
28,만화,보이시한 여자친구가 너무 귀여워 2,375425787,9791142813177,47830,"Gyunyumugigohan 지음, 심이슬 옮김",서울미디어코믹스(서울문화사),20251129,7000,6300,350점,11350,만화,"책소개
친구 같은 너와
조금씩 연인이 되어 간다.

「내 여자친구는 귀엽다. 그리고 보이시하다.」
평소에 보이시한 차림으로 다닐 때가 많은 아키라는 여자답고 귀여운 스타일을 싫어한다.
고등학교 1학년 겨울, 사귀는 사이인데도 친구 같은 관계였던 다이치와 아키라는 연인으로서 첫걸음을 내딛는다.
이대로 조금씩 연인처럼 되고 싶다고 생각하는 아키라.
하지만 요즘 들어 어째선지 다이치가 인기가 많아지기 시작하는데―?!
풋풋한 두 사람이 자아내는 보이시 히로인 러브 코미디, 초조와 진전의 제2권.",
29,만화,봄의 폭풍과 몬스터 7,375158873,9791141161538,7650,미츠바치 미유키 지음,학산문화사(만화),20251030,6000,5400,300점,12510,만화,,
30,만화,체인소 맨 14,328477993,9791141109561,,후지모토 타츠키 지음,학산문화사(만화),20231109,6000,5400,300점,20749,만화,,
31,만화,체인소 맨 16,339277692,9791141129415,,후지모토 타츠키 저자,학산문화사(만화),20240509,6000,5400,300점,23741,만화,,
32,만화,소년과 두더지와 여우와 말,236826464,9788997381678,7840,"찰리 맥커시 지음, 이진경 옮김",상상의힘,20200420,18000,16200,900점,62862,에세이,"책소개
『소년과 두더지와 여우와 말』의 지은이 찰리 맥커시(Charlie Mackesy)는 일러스트레이터로, 영국의 주간지 『스펙테이터』에 그림을 그리고, 옥스퍼드대학 출판부의 표지 디자이너로 일하고 있었다. 그러면서 일상에서 삶이란 무엇인지, 삶에서 정말 중요한 것은 무엇인지를 거듭 생각하며 친구들과 대화를 나누고는 했다. 그리고 그 대화를 글과 그림으로 표현하고는 했다. 어느 날 그는 친구와 함께 ‘용기란 도대체 무엇인지’에 관해, ‘그동안 했던 가장 용감한 일은 무엇이었는지’에 관해 이야기를 나누었다. 그러면서 가장 힘들었던 시기에 누군가에게 도움을 청했던 것이야말로 자신에게는 가장 용기 있는 일이었음을 깨달았다. 그래서 그 내용을 그림으로 그렸다. 이 책은 글과 그림의 조화가 아름다운 그림책이기도 하고 이야기책이기도 하다. 새 시대를 열어갈 세대를 위한 삶의 지침을 담고 있는 철학책으로 분류되기도 하고, 그래픽노블로 분류되기도 한다. 그러나 무엇보다 삶에 대한 깊은 성찰을 아름다운 그림과 진실한 글로 드러내는, 모든 연령대의 독자를 아우르는 멋진 책이다.
 책의 일부 내용을 미리 읽어보실 수 있습니다. 미리보기","목차
서언 …………… 2
본문 …………… 6
감사의 말 …… 126"
33,만화,체인소 맨 15,330726046,9791141117122,,후지모토 타츠키 지음,학산문화사(만화),20231221,6000,5400,300점,18217,만화,,
34,만화,체인소 맨 12,309270026,9791169475808,,후지모토 타츠키 지음,학산문화사(만화),20230120,6000,5400,300점,21891,만화,,
35,만화,아름다운 초저녁달 9 (한정판),376840338,9791141167974,4650,야마모리 미카 지음,학산문화사(만화),20251125,15000,13500,750점,7260,만화,"책소개
※ 한정판 구성
『아름다운 초저녁달 9』 단행본 + 포토카드 + 스티커",
36,만화,불가항력의 I LOVE YOU 6,374965771,9791142812255,47830,"호시노 미즈키 지음, 김서은 옮김",서울미디어코믹스(서울문화사),20251023,6000,5400,300점,14320,만화,"책소개
설렘 금지?!
학교 축제 데이트 편♡

와타야 선배와 함께 둘이서 학교 축제를 둘러보기로 약속한 세나.
축제 당일을 기대했지만, 와타야 선배네 반의 「집사 카페」로 트러블 발생!
두 사람의 관계에서 답답함을 느낀 세나는 서로를 「엉망진창으로 만들까요」라는 제안을 하는데――?!",
37,만화,체인소 맨 6,297200698,9791134826246,,후지모토 타츠키 지음,학산문화사(만화),20210511,6000,5400,300점,21003,만화,,
38,만화,체인소 맨 13,315161568,9791141104009,,후지모토 타츠키 지음,학산문화사(만화),20230418,6000,5400,300점,19626,만화,,
39,만화,향기로운 꽃은 늠름하게 핀다 17,375360162,9791142333330,7830,미카미 사카 지음,대원씨아이(만화),20251031,6000,5400,300점,10150,만화,,
40,만화,부르다가 내가 죽을 여자뮤지션 2,376281420,9791199311244,7810,들개이빨 지음,아키노프,20251202,11000,9900,550점,7660,만화,,
41,만화,부르다가 내가 죽을 여자뮤지션 1,376281368,9791199311237,7810,들개이빨 지음,아키노프,20251202,11000,9900,550점,7660,만화,,
42,만화,부르다가 내가 죽을 여자뮤지션 3,376281473,9791199311251,7810,들개이빨 지음,아키노프,20251202,11000,9900,550점,7560,만화,,
43,만화,"사랑하라, 거짓된 천사들이여 5",375079924,9791142812408,47830,"Coco Uzuki 지음, 정효진 옮김",서울미디어코믹스(서울문화사),20251024,6000,5400,300점,11345,만화,"책소개
두근두근 청춘 러브스토리! 사랑하라, 거짓된 천사들이여!
5권 글리터 아크릴 블록 한정판&일반판 동시 발행!!

너에 대한 마음이 쉼 없이 흘러넘쳐.

다른 사람들이 자신에게 원하는 모습이 무너지지 않도록 늘 완벽한 미소녀를 연기해온 카츠라 오토기.
학교에서 얻은 별명은 이름하여 “심쿵 천사”.
하지만 아무에게도 보여주지 않던 본모습을 신경 쓰이던 완벽남 니노마에 토키에게 들키고 만다.
그러나 마찬가지로 숨겨진 본성이 있던 그를 좋아하게 되고, 한 번 차인 후에도 포기하지 않는 오토기.
그런 오토기에게 끌리던 후타가미 라이와, 좋아하는 마음을 자각한 니노마에 토키.
세 사람의 뒤엉키는 마음은 대체 어디로 갈 것인가…?!
점점 거세지는 인기몰이!
완벽을 연기하는 남녀의 속고 속이는(?) 러브♡",
44,만화,"매일, 휴일 9",376192192,9791142813214,47830,"신조 케이고 지음, 장혜영 옮김",서울미디어코믹스(서울문화사),20251106,7500,6750,370점,6240,만화,"책소개
서른을 코앞에 둔 히로토와 미대생인 사촌 나츠미.
두 사람의 단독 주택 생활은 전에 없던 과도기에 돌입…!!
지붕에서 떨어진 나츠미.
속에서 끓어오르는 강렬한 감정은?

그리고 두 번째 예술제가 개최!
나카지마와 나츠미의 깊어지는 우정,
야마다와 아카리 사이에 이는 파란.
-그리고 결국 오고야 만 히데키와의 이별.

만남이 있으면 이별도 있다.
멀어지고 가까워지는 인간관계.
그래도 어쩐지 편안한 단독 주택 생활의 애틋하면서도 맑게 갠 가을날입니다.",
45,만화,룩 백,290886787,9791168761841,,후지모토 타츠키 지음,학산문화사(만화),20220322,6000,5400,300점,48114,만화,"책소개
자신의 재능에 절대적인 자신감이 있는 후지노와 은둔형 외톨이인 쿄모토. 시골 마을에 사는 두 소녀를 서로에게 이끌어서 묶어 준 것은 만화 그리기를 향한 한결같은 마음이었다. 시간은 흘러도 등 뒤를 든든히 받쳐 준 것은 언제나…. 유일무이한 터치로 그려 내는 청춘 장편 단편집.",
46,만화,황천의 츠가이 9,378049857,9791142335518,7830,아라카와 히로무 지음,대원씨아이(만화),20251120,6000,5400,300점,10090,만화,,
47,만화,원펀맨 One Punch Man 33,373074300,9791142328824,7830,"ONE 지음, 무라타 유스케 그림",대원씨아이(만화),20250929,6000,5400,300점,20265,만화,,
48,만화,모모세 아키라의 첫사랑 파탄 중 1 (트리플 특전판),372968699,9791142812200,47830,"하레카와 신타 지음, 이소연 옮김",서울미디어코믹스(서울문화사),20251031,7500,6750,370점,20260,만화,"책소개
서투른 미소녀가 세운, 좋아하는 사람과 이어지기 위한 계획은 항상 어딘가 삐그덕.
사랑스러운 두 사람의 투명도 100% 러브 코미디

깡촌의 소년, 쿠가야마 하지메 곁으로 돌아온, 그의 이상형이자 동급생 모모세 아키라.
사실 아키라는… 좋아하는 하지메와 잘 되고 싶어서 주도면밀한 계획을 세워서 돌아온 것이다!!
…그러나 모모세는 요령 제로, 하지메는 눈치 제로.
어긋나는 두 사람은 꿈꾸는 미래로 갈 수 있을 것인가…?
아니, 가겠습니다. 괜찮습니다. 아마도….
부디 따뜻한 눈으로 지켜봐 주세요.",
49,만화,포인트 캐릭터 드로잉 2,375571871,9791124007396,3650,타코 저자,레진코믹스(레진엔터테인먼트),20251030,32000,28800,"1,600점",7730,예술/대중문화,"책소개
평생 곁에 두고 참고할 수 있는, 가장 든든한 드로잉 가이드
《포인트 캐릭터 드로잉》 시리즈, 한층 확장된 두 번째 이야기!

총 80만 팔로워가 신뢰하는 타코 작가의 실전 드로잉 노하우를 한 권에 담았다. 《시크릿 캐릭터 드로잉(절판)》과 《포인트 캐릭터 드로잉》으로 국내외에서 큰 사랑을 받은 작가가 오랜 독자들의 기다림 끝에 두 번째 작법서 《포인트 캐릭터 드로잉 2》로 돌아왔다. 《포인트 캐릭터 드로잉2》는 전작과 중복 없이 구성된 완전한 신규 후속권이다. 그간 타코 작가의 SNS를 통해 몇 년간 공개된 드로잉 팁을 중심으로 수록하며 일부 그림과 설명을 새롭게 다듬고 보강했다. 단행본을 통해 타코 작가의 메시지를 만나는 독자들은 더욱 세밀해진 작화와 설명을 따라가며 효과적으로 응용 가능한 실전 감각을 익힐 수 있다.
 책의 일부 내용을 미리 읽어보실 수 있습니다. 미리보기","목차
《포인트 캐릭터 드로잉 2》 목차 (총 5 PART / 37개 단원)

Part 1 얼굴 Face ? p.013
1. 두상 head …… p.015
2. 눈 eyes …… p.031
3. 코 nose …… p.071
4. 귀 ears …… p.093
5. 입 mouth …… p.115
6. 턱 chin …… p.151
7. 목 neck …… p.177
8. 두상 측면 side view …… p.197
9. 머리카락 hair …… p.209
10. 얼굴 포인트 드로잉 drawing points for face …… p.281

Part 2 팔 Arms ? p.321
1. 어깨 shoulder …… p.323
2. 팔 arms …… p.337
3. 손목 wrist …… p.361
4. 팔꿈치 elbow …… p.373
5. 팔 포인트 드로잉 drawing points for arms …… p.381
6. 손 hands …… p.387
7. 손가락 fingers …… p.427

Part 3 다리 Legs ? p.513
1. 다리 legs …… p.515
2. 허벅지 thigh …… p.555
3. 무릎/오금 knee/the back of the knee …… p.565
4. 정강이/종아리 shin/calf …… p.583
5. 발목 ankle …… p.591
6. 발 feet …… p.603
7. 발가락 toes …… p.651
8. 발바닥 sole …… p.673

Part 4 인체 Body ? p.689
상체 Upper Body
1. 목/승모/어깨/쇄골 neck/trapezius/shoulder/collarbone …… p.691
2. 가슴/겨드랑이 chest/armpit …… p.709
3. 복근/허리 abdominal muscles/waist …… p.749
4. 측면 side view …… p.761
5. 후면 rear view …… p.775
6. 흐름 flow …… p.787

하체 Lower Body
7. 골반/가랑이 pelvis/crotch …… p.813
8. 엉덩이 hips …… p.821
9. 인체 포인트 드로잉 drawing points for body …… p.833

Part 5 SD (Super Deformed) ? p.901
1. SD 얼굴 SD face …… p.903
2. SD 팔/다리 SD arms/legs …… p.927
3. SD 전신 SD body …… p.939
펼쳐보기"
50,만화,"안녕, 에리",323272361,9791141103835,,후지모토 타츠키 지음,학산문화사(만화),20230824,6000,5400,300점,22955,만화,"책소개
『체인소 맨』, 『룩 백』 후지모토 타츠키 작가 최신작! [이 만화가 대단해! 2023 남성편 2위] 수상작! 병으로 죽어 가는 어머니가 주인공인 영화를 제작한 유타. 학교에서 그 영화를 상영한 계기로 만나게 된 미소녀 에리. ""네 영화, 완~전! 재미있었어.""

에리는 유타의 새 영화 제작을 응원하며 돕고, 두 사람은 그렇게 유대감을 쌓아 간다. 하지만 이어지는 비밀과 반전…! 에리와 유타의 이야기, 과연 어디까지가 현실이고 어디까지가 영화일까? 후지모토 타츠키 작가가 전하는 또 하나의 수작! 높은 완성도와 몰입감, 현실과 영화의 경계를 넘나드는 연출과 장치들은 독자들에게 읽는 재미와 함께 작품을 다양하게 해석할 수 있는 또다른 즐거움을 선사할 것이다.",
51,만화,지박소년 하나코 군 24 (더블 특장판),372013611,9791142809699,47830,"아이다이로 지음, 장혜영 옮김",서울미디어코믹스(서울문화사),20250912,6000,5400,300점,35055,만화,"책소개
――어서 와.
저주가 꿈실거리는 우물 밑바닥에.

과거를 개변당한 세계의 카모메 학원에서는 ""츠카사""라는 주술이 유행하고 있었다.
그 강령술에 의해 코우는 저주받고, 【빨간 집】에 이끌리게 된다.
또한, 네네 일행도 하나코와 츠카사의 생가인 【빨간 집】을 찾아가려 하는데….
학원 7대 불가사의 괴이담, 악랄한 제24권!",
52,만화,나의 히어로 아카데미아 공식 일러스트집 Ultra Artworks (아크릴 굿즈 특별판),375535146,9791142813085,44830,"호리코시 코헤이 지음, 오경화 옮김",서울미디어코믹스(서울문화사),20251031,88000,79200,"4,400점",11790,만화,"책소개
※ 특별판 구성
- 『나의 히어로 아카데미아 공식 일러스트집 Ultra Artworks』 (초판부록 포함)
- ‘히어로’ 아크릴 일러스트 플레이트 (148mm X 210mm)
- ‘THE THREE’ 아크릴 블록 4종 (각 60mm X 80mm)
- SD 캐릭터 키링 3종
- ‘화려하게’ 일러스트 보드 (A4 사이즈)


『나의 히어로 아카데미아』 최초의 일러스트집,
화려한 아크릴 굿즈 특별판이 등장!!

모두가 ‘최고의 히어로’가 되는 이야기.
10년에 걸친 연재의 집대성──
『나의 히어로 아카데미아』, 그리고 KOHEI HORIKOSHI
최초의 ‘일러스트집’!!!",
53,만화,체인소 맨 9,297903334,9791169273855,,후지모토 타츠키 지음,학산문화사(만화),20211213,6000,5400,300점,17188,만화,,
54,만화,체인소 맨 11,290886723,9791134889708,,후지모토 타츠키 지음,학산문화사(만화),20220322,6000,5400,300점,18476,만화,"책소개
악마 포치타와 함께 빚쟁이 데빌 헌터로 고용되어 혹사당하는 극빈곤 소년 덴지. 시궁창 인생은 잔인한 배신을 계기로 급변한다!! 악마가 깃든 몸으로 악마를 사냥하는 신세대 다크 히어로 액션, 개막! CHAINSAW MAN ⓒ 2018 by Tatsuki Fujimoto/SHUEISHA Inc.",
55,만화,히카루가 죽은 여름 7,373273268,9791127884536,7830,"모쿠모쿠렌 지음, 송재희 옮김",디앤씨미디어(주)(D&C미디어),20251020,6500,5850,320점,18660,만화,"책소개
어떤 마을에서 함께 자란 소년,
요시키와 히카루.

「무언가」가 히카루의 자리를 차지한 뒤로,
각지에 부정함이 늘어나기 시작했다.
부정함이 만연하는 것을 막기 위해
요시키는 저세상과 이어진 여러 「구멍」을 닫고자 움직인다.
반대편에서만 닫을 수 있는 「구멍」.
히카루는 「무언가」로부터 눈을 돌리지 않았던 요시키와의 「연결」을 이용해
자신이 「구멍」을 닫고 돌아오겠다고 제안한다.
한편, 아사코와 타나카는 「구멍」을 닫아 달라고 하기 위해
부정함과 교섭에 임하는데─.

권말에는 아사코가 타나카에게 「쥐」에 관해 묻는
특별 단편도 수록.","목차
제32화
제33화
제34화
제35화
제36화
특별편"
56,만화,체인소 맨 10,296415507,9791134837822,,후지모토 타츠키 지음,학산문화사(만화),20220114,6000,5400,300점,17476,만화,,
57,만화,체인소 맨 5,300410758,9791169279178,,후지모토 타츠키 지음,학산문화사(만화),20210312,6000,5400,300점,17574,만화,"책소개
이전에 히메노가 사역했던 악마와 대치하는 아키. 복수심에 불타는 남자의 뇌리를 스치는 건…?! 한편, 덴지는 다시금 사무라이 소드와 격돌!! 체인소 VS. 칼, 피튀기는 사투의 행방은 과연?! 덴지의 심장 쟁탈전은 예상치 못한 방향으로 가속한다!!",
58,만화,봇치·더·록! 외전 히로이 키쿠리의 과음일기 3,375048320,9791142333682,7830,"하마지 아키, 쿠미쵸 지음",대원씨아이(만화),20251031,9000,8100,450점,12980,만화,"책소개
히로이 키쿠리(25세)
과거엔 아싸.
지금은 알코올 환자!!

술과 음악이 있으면 인생이 즐겁다!
새해엔 시마의 본가에서 마시고,
어느 날은 대음양주 키라라를 마시고, 또 어느 날은 대자연 속에서 마시고……………
그러다, 술이 빠진다면―?!
대반향의 3권!!",
59,만화,체인소 맨 7,299851648,9791169278577,,후지모토 타츠키 지음,학산문화사(만화),20210715,6000,5400,300점,16675,만화,,
60,만화,악마에 입문했습니다! 이루마 군 43,376265538,9791142813689,47830,"니시 오사무 지음, 이승원 옮김",서울미디어코믹스(서울문화사),20251107,6500,5850,320점,5300,만화,"책소개
사랑을 가슴에 품고 가둬둔 채, 놔주지 않는다!
악주기 클라라 편, 개막!!

아스모데우스가 가지고 있던 약을 과자인 줄 알고 먹고 만 클라라.
그 바람에 악주기가 되고 마는데?!
이루마 군단 셋의 유대가 시험받는다!",
61,만화,체인소 맨 8,297903127,9791169273848,,후지모토 타츠키 지음,학산문화사(만화),20210909,6000,5400,300점,16367,만화,,
62,만화,주술회전 OUR BLUE PACK (블루팩),374965913,9791142813016,44830,"아쿠타미 게게 지음, 이정운 옮김",서울미디어코믹스(서울문화사),20251023,12000,10800,600점,14965,만화,"책소개
극장판 주술회전 회옥·옥절 개봉 기념, 8~9권 합본판인
OUR BLUE PACK 발행!!

최강의 두 사람, 더는 돌아갈 수 없는 푸른 봄――.
[극장판 주술회전: 회옥·옥절] 개봉 기념, 8-9권 합본판 발행!

8, 9권 초판 특전 복각에 더해 10권 더블 특전이었던 미니 아크릴 카드, 오직 합본 패키지에서만 만날 수 있는 캐릭터 스탠딩POP 4종까지 풍성하게 구성했다.

※ 구성
- 『주술회전』 8권, 9권 단행본(신규 띠지 부착)
- 초판 특전인 양면 일러스트 카드 2종,
- 미니 아크릴 카드 1종
- 캐릭터 스탠딩POP 4종",
63,만화,별정직 공무원 2 (특별판),376758208,9791141176846,4650,"권소라.서재원 지음, ch 그림",학산문화사(만화),20251120,40000,36000,"2,000점",12540,만화,"책소개
별정직 공무원을 그만두기로 결심한 한마루.
그러나 엄마를 구하기 위해 다시 나찰과 맞선다!

폭식의 힘으로 강화도 팀에서 활약하던 중,
서울 본부 정일두 국장에게 스카우트 제안을 받는다.

서울에서의 새출발을 상상하던 그 순간!
갑자기 울린 나찰 경보에 출동한 마루는 7단계급 나찰이 있는 집에 갇히고 마는데?!

※ 특별판 구성
『별정직 공무원 2』 단행본 + 아크릴 스탠드 + PP 스탠드 2종 + 미니 포스터 2종 + PP카드","목차
10화 007
11화 031
12화 057
13화 089
14화 115
15화 141
16화 175
17화 201
18화 229
19화 259"
64,만화,내 마음의 위험한 녀석 12 (한정판),379009785,9791138488464,4830,"사쿠라이 노리오 지음, 조원로 옮김",㈜소미미디어,20251203,25000,22500,"1,250점",12940,만화,"책소개
극장판 애니메이션 제작 중!!
인싸 미소녀 × 아싸 소년의 극한 달콤 청춘 러브코미디!!
오리지널 아크릴 디오라마&리플릿 포함 한정판 발매!

고등학교에 합격할 때까지 밖에서 만나지 않기로 한다――.
입시 준비와 일 때문에 만나지 못하는 날이 많아진 두 사람.
보고 싶은 마음을 꾹 참으면서 공부에 매진하는 쿄타로.
하지만 어느 날 밤…
야마다네 집에서 단둘이?!
그렇고 그런 분위기에 휩싸이는데?!
한편, 누나의 취준이 시작되고 누나가 있는 밴드가 해체될 위기에 처한다?!
입시와 사랑과 가족.
쿄타로를 둘러싼 환경이 바뀌어 간다….
그리고 만나지 못하는 크리스마스에 쿄타로와 야마다는?!

※ 한정판 구성
『내 마음의 위험한 녀석 12』 단행본 + 초판 한정 일러스트 카드 2종 + 양면 커버 + 리플릿(8p) + 아크릴 디오라마","목차
karte. 155 난 이해심이 많은 척을 한다
karte. 156 난 본심을 말한다
karte. 157 난 뭘 하고 있는 걸까
karte. 158 난 아침 일찍 귀가했다
karte. 159 난 쓸쓸하다
karte. 160 난 등을 떠밀어 주길 바란다
karte. 161 우린 잠들 수 없다
karte. 162 난 얘기해 버린다
karte. 163 난 길을 찾고 싶다
karte. 164 난 움직이기 시작한다
karte. 165 난 원만하게 해결하고 싶다
karte. 166 난 아무것도 필요 없다
karte. 167 우린 아무 말도 못 한 채
karte. 168 난 어디에 있든 널 찾아낸다
펼쳐보기"
65,만화,나의 히어로 아카데미아 42 (트리플 특장판),357993537,9791136798763,47830,"호리코시 코헤이 지음, 오경화 옮김",서울미디어코믹스(서울문화사),20250228,6000,5400,300점,31312,만화,"책소개
그날, 동경하던 사람에게 인정받아 기뻤다. 세상에 둘도 없는 동료들과도 만나고, 믿을 수 없지만 ‘무개성’이었던 내가 수많은 이들의 지지를 받으며 지금 이 자리에 있다. 그래서 나도 너에게 손을 내밀고 싶어. 가공을 현실로. 그리고 지금을 미래로 연결하는 이야기. 여기가 나의… 우리의 히어로 아카데미아!!",
66,만화,금붕어 가게의 가짜 부부 3,375360354,9791127884833,7830,"아마쿠라 후유 지음, 심이슬 옮김",HUSH(허쉬),20251103,6000,5400,300점,5455,만화,"책소개
더는 ‘계약’이 아니다?!
본가에 인사를 다녀오면서 두 사람의 거리가 좁혀지는 제3권!

나나 씨, 아사히의 본가에 인사를 가다?!
소설가가 되는 것을 인정해주지 않은 아버지와 아사히의 관계에 화해의 순간이 올까?
그리고 집에 가는 길에 던져진 ‘같이 잘래?’ 폭탄 발언!
두 사람의 거리가 단숨에 좁혀질… 수 있을까? 파란만장한 제3권!","목차
등장인물 소개
제11화 나나 씨, 그건… 질투인가요?
제12화 나나 씨, 제 본가에… 가실래요?
제13화 나나 씨, 더 만지고 싶어요
제14화 나나 씨, 계속 가까이 있고 싶어요
제15화 나나 씨, 그 사람은 누구예요?!
번외편 나나 씨, 가을 냄새가 나요
초기 설정 자료"
67,만화,나나 NANA 완전판 3,378048741,9791141166892,7650,야자와 아이 지음,학산문화사(만화),20251120,12000,10800,600점,6510,만화,,
68,만화,괴수 8호 RELAX 3,378967132,9791142813757,47830,"Kizuku Watanabe 그림, 유유리 옮김, 마츠모토 나오야 원작",서울미디어코믹스(서울문화사),20251127,6000,5400,300점,11180,만화,"책소개
『괴수 8호』 개그 스핀오프, 한정판과 함께 전격 등장!!

「괴수 8호」 스핀오프 개그 만화!
공격해 오는 괴수로부터 목숨을 걸고 사람들을 지키는 방위대원.
그런 그들이 비번일 때의 모습을 그린 이야기!
히비노 카프카는 레노와 부딪힌 충격으로 몸이 뒤바뀌고 마는데…?!",
69,만화,체인소 맨 1,295837060,9791168769984,,후지모토 타츠키 지음,학산문화사(만화),20200914,6000,5400,300점,15776,만화,"책소개
<체인소 맨> 이용등급 변경 안내
간행물 윤리위원회 심의 결정(청소년 유해매체물)에 따라 2021년 7월 1일부로 19세이용가로 이용등급 조정 예정입니다.
도서 이용에 참고 부탁드립니다.

악마 포치타와 함께 빚쟁이 데빌 헌터로 고용되어 혹사당하는 극빈곤 소년 덴지. 시궁창 인생은 잔인한 배신을 계기로 급변한다!! 악마가 깃든 몸으로 악마를 사냥하는 신세대 다크 히어로 액션, 개막! CHAINSAW MAN ⓒ 2018 by Tatsuki Fujimoto/SHUEISHA Inc.",
70,만화,심야식당 30,374806438,9791142329340,7830,아베 야로 지음,미우(대원씨아이),20251021,9500,8550,470점,7305,만화,,
71,만화,괴수 8호 RELAX 3 (아크릴 디오라마 한정판),378967119,9791142813870,,"Kizuku Watanabe 그림, 유유리 옮김, 마츠모토 나오야 원작",서울미디어코믹스(서울문화사),20251127,25000,22500,"1,250점",10030,만화,"책소개
『괴수 8호』 개그 스핀오프 코믹스, 아크릴 디오라마 한정판 등장!!

「괴수 8호」 스핀오프 개그 만화!
공격해 오는 괴수로부터 목숨을 걸고 사람들을 지키는 방위대원.
그런 그들이 비번일 때의 모습을 그린 이야기!
히비노 카프카는 레노와 부딪힌 충격으로 몸이 뒤바뀌고 마는데…?!

괴8 성분 부족을 채워줄 개그 스핀오프, 『괴수 8호 RELAX』!!
방위대원들이 비번일 때의 모습을 가득 담은 아크릴 디오라마 한정판 등장!!

※ 한정판 구성
- 『괴수 8호 RELAX 3』 단행본
- ‘축제’ 아크릴 디오라마
- 스페셜 일러스트 카드 4종
- 초판 한정 홀로그램 일러스트 카드
- 초판 한정 방위대(?) 4컷 포토 카드",
72,만화,신경 쓰이는 사람이 남자가 아니었다 1~2 합본 세트 (한정판) - 전2권,373446010,9791141161330,4650,아라이 스미코 지음,학산문화사(만화),20251028,48000,43200,"2,400점",9120,만화,"책소개
※ 한정판 구성
『신경 쓰이는 사람이 남자가 아니었다』 1~2 더블특전판 + 아크릴 스탠드 + 폴라로이드 엽서 5종 + 스페셜 박스

CD숍에서 일하는 신비한 ‘오빠’가 신경 쓰여 견딜 수 없는 여고생 아야.
하지만 그의 정체는 ‘공기’처럼 존재감 없는 같은 반의 미츠키였다.
믿어지지 않는 첫 만남부터 가속해 가는 애정의 향방은…?","목차
RHYTHM A
CHAPTER01
TEEN SPIRIT
신경 쓰이는 사람이 남자가 아니었다
기대하고 있었어요?
또 작업 멘트를 던져 버렸다
눈치 못 채는 인싸걸
삼촌은 걱정
갈림길
이름을 불러 준 것만으로도
무의식 훈남
요즘 유행
당신을 위해 귀여워지고 싶어
열과 함께 욕심이 난다
지켜보고 싶어
절대 넘어오게 하는 남자와 절대 넘어가지 않는 여자
오늘도 인싸걸과 얽히다
남모르는 발각
들을 때마다
휘말리는 폭풍
신경 쓰이던 사람이 남자가 아니었다

CHAPTER02
CREEP
물어볼 수 없는 두 사람의 새 학기
조카에게 아낌없이
이쪽을 봐 줘
CD숍의 여자아이
붙잡아 줘
쫓아갈게
꿈이냐 생시냐
내가 좋아하는 사람은

CHAPTER03
DON'T STOP
아는 사람은 나뿐
눈이 멀 것만 같아
그녀만큼은 겹최애 사절
둘이서라면
기습
이심전심
바란 대로 이루소서
아마 기분 탓은 아닌 듯
피스메이커
트러블 체이서
세상에서 제일 아름다운 소리

RHYTHM B
펼쳐보기"
73,만화,원피스 111,366331655,9791142316760,7830,오다 에이치로 지음,대원씨아이(만화),20250630,6000,5400,300점,38619,만화,,
74,만화,버서스 5,376754265,9791141169435,7650,"아즈마 쿄타로 지음, ONE 원작, bose 구성",학산문화사(만화),20251111,6000,5400,300점,4550,만화,,
75,만화,사카모토 데이즈 22 (더블 특전판),370424558,,7830,스즈키 유우토 지음,대원씨아이(만화),20250829,6500,5850,320점,28875,만화,,
76,만화,신경 쓰이는 사람이 남자가 아니었다 1,373446244,9791141124441,7650,아라이 스미코 지음,학산문화사(만화),20251028,12000,10800,600점,7950,만화,"책소개
CD숍에서 일하는 신비한 ‘오빠’가 신경 쓰여 견딜 수 없는 여고생 아야.
하지만 그의 정체는 ‘공기’처럼 존재감 없는 같은 반의 미츠키였다.
믿어지지 않는 첫 만남부터 가속해 가는 애정의 향방은…?","목차
RHYTHM A
CHAPTER01
TEEN SPIRIT
신경 쓰이는 사람이 남자가 아니었다
기대하고 있었어요?
또 작업 멘트를 던져 버렸다
눈치 못 채는 인싸걸
삼촌은 걱정
갈림길
이름을 불러 준 것만으로도
무의식 훈남
요즘 유행
당신을 위해 귀여워지고 싶어
열과 함께 욕심이 난다
지켜보고 싶어
절대 넘어오게 하는 남자와 절대 넘어가지 않는 여자
오늘도 인싸걸과 얽히다
남모르는 발각
들을 때마다
휘말리는 폭풍
신경 쓰이던 사람이 남자가 아니었다

CHAPTER02
CREEP
물어볼 수 없는 두 사람의 새 학기
조카에게 아낌없이
이쪽을 봐 줘
CD숍의 여자아이
붙잡아 줘
쫓아갈게
꿈이냐 생시냐
내가 좋아하는 사람은

CHAPTER03
DON'T STOP
아는 사람은 나뿐
눈이 멀 것만 같아
그녀만큼은 겹최애 사절
둘이서라면
기습
이심전심
바란 대로 이루소서
아마 기분 탓은 아닌 듯
피스메이커
트러블 체이서
세상에서 제일 아름다운 소리

RHYTHM B
펼쳐보기"
77,만화,그 비스크 돌은 사랑을 한다 TV 애니메이션 공식 팬북 키타가와 마린이 최고야,379009613,9791138488051,7830,"후쿠다 신이치 지음, 박연지 옮김",㈜소미미디어,20251217,20000,18000,"1,000점",11500,만화,"책소개
메가히트 코스프레 러브 코미디!!
[그 비스크 돌은 사랑을 한다] 애니메이션 제작진의
애정을 가득 담은 공식 애니메이션 팬북 발매!!

1~12화짜리 스토리 가이드, 제작진들의 열정이 가득한 인터뷰,
애니메이션 제작에 사용된 이미지가 담긴 특별 갤러리,
그리고 원작자 후쿠다 신이치 선생님의 일러스트와 코멘트를 게재!
당신이 궁금해 할 TV 애니메이션 [그 비스크 돌은 사랑을 한다]의 모든 것이 여기 있습니다!","목차
캐릭터 소개

Special Interview 이시다 카즈마사(캐릭터 디자인·총 작화감독)

Special Interview 니시하라 에리카(의상 디자인)

스토리 가이드

Special Column 1 마린과 와카나의 추억이 담긴 장소

Special Column 2 마린의 추천 작품을 소개

Special Column 3,4,5 마린의 추천 작품을 소개

Special Interview 스구타 히나(키타가와 마린역)

Special Interview 토미타 요리코(시리즈 구성·각본)

Special Interview 시노하라 케이스케(감독)

Special Comment 후쿠다 신이치(원작)
펼쳐보기"
78,만화,GACHIAKUTA 15 (초판),374878201,9791141168032,7650,"케이 우라나 지음, 히데요시 안도 그림",학산문화사(만화),20251021,6000,5400,300점,25275,만화,"책소개
경계를 넘어, 천계로 가기 위해 필요한 수호자 시리즈. 그중 하나로 알려진 초커를 만든 인물을 찾기 위해 돌 페스티벌에 갈 것을 결심한 루도. 그러나 그전에, 청소부로서의 본업 '반수 퇴치'를 하게 된다.",
79,만화,숨막힐 정도의 사랑을 줄게 5,375422427,9791142331190,7830,이와시타 케이코 지음,대원씨아이(만화),20251029,6000,5400,300점,5570,만화,"책소개
디자이너를 꿈꾸는 히바리는 같은 미대의 밴드맨 가쿠와 사귀는 중. 예술제 중에 SNS에서 화제를 모은 가쿠를 보고 히바리는 고민에 빠지지만, 자신의 T셔츠를 처음으로 판매하고 의욕 UP! 그리고 맞이하게 된 예술제 마지막 날. 라이브 공연에서 피크를 깜빡한 가쿠에게 목걸이를 던진 히바리를 보고 관객들이 술렁이는 가운데, 설마 하던 리히토가…?!!",
80,만화,야마다의 학급일지 2,375080461,9791142812361,47830,"아오미 루이 지음, 김서은 옮김",서울미디어코믹스(서울문화사),20251023,6500,5850,320점,7750,만화,"책소개
모든 일에 성실한 소녀×여자를 좋아하는 양아치
두 사람의 우당탕탕 청춘 러브 코미디♥

이런 걸 아무리 해도 곁에 있어줄 거구나? 야마다는.

원래 남학교였던 곳에 입학한 세상만사 성실한 소녀, 야마다 니나.
학교 축제를 계기로 궁도부의 양아치 무라타 미하네와 더욱 가까워지기 위해 분투하지만….
이 남자, 전혀 방심할 수 없다!
부쩍 친밀해지는 귀신의 집, 야마다네 집 방문, 무라타네 집에서 보내는 둘만의 여름방학?! etc….

엉뚱하고 성실한 소녀×여자를 좋아하는 양아치의
불균형한 청춘 러브 코미디!",
81,만화,코미 양은 커뮤증입니다 36,378066262,9791138488075,7830,"오다 토모히토 지음, 박경용 옮김",㈜소미미디어,20251126,6000,5400,300점,7500,만화,"책소개
[TV 애니메이션 1,2기, 넷플릭스 절찬 스트리밍 중!!]
국내외 성원에 감사.
만국 공통 커뮤증 미소녀 코미디!

‘이제 평범하게 있는 걸 그만뒀어요.’
코미 양과 같은 대학에 가기 위해, 변할 결심을 한 타다노 군.
마음이 흔들린 코미 양은…
기세에 휩쓸려, 타다노 군을 데리고 시골의 할머니 집으로 직행.
아침에도 낮에도 밤에도 계속 함께??인,
두 사람(+할머니)의 공부 합숙이 시작됩니다!!

소중한 사람을 돕고 싶은 커뮤증 미소녀 코미디, 제36권.","목차
커뮤 474 할머니 집에서 공부입니다 ―― 003
커뮤 475 할머니 집에서 공부입니다 2 ―― 007
커뮤 476 할머니 집에서 공부입니다 3 ―― 021
커뮤 477 할머니 집에서 공부입니다 4 ―― 033
커뮤 478 할머니 집에서 공부입니다 5 ―― 039
커뮤 479 할머니 집에서 공부, 아키라 습격입니다 ―― 059
커뮤 480 친척입니다 ―― 077
커뮤 481 할머니 집에서 해넘이입니다 ―― 087
커뮤 482 섣달 그믐의 밤입니다 ―― 097
커뮤 483 새해 참배, 무녀, 순산부적입니다 ―― 117
커뮤 484 양배추입니다 ―― 135
커뮤 485 니이미 가족입니다 ―― 143
커뮤 486 참마 캐기입니다 ―― 151
커뮤 487 시험입니다 ―― 169
보너스 ―― 188
펼쳐보기"
82,만화,승리의 여신: 니케 공식 앤솔러지 팬북 특별판,377279204,9791127885533,4830,"디앤씨미디어 지음, SHIFT UP 원작",디앤씨미디어(주)(D&C미디어),20251210,88000,79200,"4,400점",4800,만화,"책소개
※ 특별판 구성
『승리의 여신 : 니케 공식 앤솔러지 팬북』 단행본 + 도로롱 쉐이커 키링 + 카운터스 성우 사인 아크릴 색지 + 카운터스 성우 사인&코멘트 일러스트 카드 3종 + 카운터스 사원증 3종 + 모니터 렌티큘러 아크릴 스탠드 + DIY 아크릴 디오라마


국내 최초! 지휘관이라면 반드시 소장해야 할
『승리의 여신: 니케』 공식 앤솔러지 팬북 등장!

『승리의 여신: 니케』의 한국 첫 공식 팬북으로
니케 유니버스 소개, 팬북 한정 일러스트&코믹스,
팬아트&4컷 만화, 카운터스 성우님과 함께하는 특별 인터뷰 등

공식 앤솔러지 팬북에서만 공개되는
특별한 이야기가 지휘관 여러분을 기다립니다!","목차
CHAPTER 01 UNIVERSE
CHAPTER 02 COMICS
CHAPTER 03 ILLUST
CHAPTER 04 SPECIAL"
83,만화,신경 쓰이는 사람이 남자가 아니었다 2,373446313,9791141151690,7650,아라이 스미코 지음,학산문화사(만화),20251028,12000,10800,600점,7605,만화,"책소개
CD숍에서 일하는 신비한 ‘오빠’가 신경 쓰여 견딜 수 없는 여고생 아야.
하지만 그의 정체는 ‘공기’처럼 존재감 없는 같은 반의 미츠키였다.
믿어지지 않는 첫 만남부터 가속해 가는 애정의 향방은…?",
84,만화,나 혼자만 레벨업 15,372549977,9791173820519,7810,"장성락(REDICE STUDIO) 지음, 추공 원작, 현군 각색",디앤씨웹툰비즈,20251020,16000,14400,800점,12590,만화,"책소개
언제부턴가 나를 향해
계속 외치는 이 목소리….
“일어나라.”

가정을 이루고 평화롭게 살아가던 성진우.
그러나 아들 성수호가 물려받은 군주의 힘이 나날이 커져 가고, 진우는 수호가 성장할 때까지 그 힘과 기억을 봉인해 두기로 한다. 시간은 빠르게 흘러, 고등학생이 된 수호는 어느 날 자신의 앞에 나타난 게이트에 발을 들이게 되는데…!

※ 15권은 웹툰 외전 12~21화(완결) 연재분의 편집본입니다.","목차
웹툰 외전 12~21화(완결) 연재분의 편집본입니다."
85,만화,유루캠 17,375522562,9791142333248,7830,AFRO 지음,대원씨아이(만화),20251030,5500,4950,270점,4970,만화,,
86,만화,후지모토 타츠키 단편집 22-26,309270127,9791169473286,,후지모토 타츠키 지음,학산문화사(만화),20230119,6000,5400,300점,16379,만화,"책소개
『체인소 맨』, 『룩 백』 작가 후지모토 타츠키. 그의 압도적인 재능과 히트작이 탄생하기까지의 초석이 담긴 기적의 작품집.",
87,만화,후지모토 타츠키 단편집 17-21,309270072,9791169473279,,후지모토 타츠키 지음,학산문화사(만화),20230120,6000,5400,300점,16019,만화,"책소개
『체인소 맨』, 『룩 백』 작가 후지모토 타츠키. 그의 압도적인 재능과 히트작이 탄생하기까지의 초석이 담긴 기적의 작품집.",
88,만화,체인소 맨 2,299124581,9791169276436,,후지모토 타츠키 지음,학산문화사(만화),20200914,6000,5400,300점,13217,만화,"책소개
「가슴을 만진다!!」
그 압도적인 욕망을 원동력 삼아 박쥐의 악마와 격투를 펼치는 덴지!!
싸움의 끝에 그가 손에 쥔 것은 가슴?! 아니면…?!
그리고 마키마가 이야기하는 인류의 적, 「총의 악마」란?!
공안의 개, 덴지의 싸움은 새로운 국면으로!!",
89,만화,체인소 맨 3,296153272,9791134814465,,후지모토 타츠키 지음,학산문화사(만화),20201105,6000,5400,300점,13084,만화,"책소개
공간을 봉쇄해서는 덴지를 죽이라고 협박하는 정체불명의 악마!! 막다른 길에 몰리자 차츰 분열되는 특이 4과의 멤버들. 그런 극한 상황 속에서도 포상 키스를 포기하지 않는 덴지가 떠올린 지옥 같은 작전이란…?! 인간과 악마의 특이점, 덴지를 둘러싼 대항쟁, 발발!!",
90,만화,회천의 알버스 1,376840209,9791141169619,7650,"마키 아키히사 지음, 미키 야츠보 그림",학산문화사(만화),20251125,6000,5400,300점,4560,만화,"책소개
마왕을 쓰러뜨렸다. 세상은 평화로워졌다. 그러나, 한발 늦었다.
무슨 이유인지 이 모험을 반복하고 있는 용사 알버스는 서두르려 한다.
이것은 세계를 구하는 이야기이자, 그리고
―모든 것을 알고 있는 타임루프 용사의 실시간 어택 판타지!","목차
CONTENTS
제1화 용사 알버스
제2화 의뢰
제3화 이유
제4화 워프
제5화 장비와 레벨
제6화 마왕성
제7화 마왕
제8화 회천(廻天)"
91,만화,어차피 울 거라면 사랑이 좋아 6,378048621,9791141158194,7650,쿠사카 아키 지음,학산문화사(만화),20251120,6000,5400,300점,5930,만화,,
92,만화,포인트 캐릭터 드로잉 - 전2권,280555213,9791163988199,4650,타코 지음,레진코믹스(레진엔터테인먼트),20210930,28000,25200,"1,400점",19499,예술/대중문화,"책소개
타코 작가가 짚어주는 ‘인체의 핵심 포인트’
드로잉 분야 스테디셀러 『시크릿 캐릭터 드로잉』에 이은 인체 가이드
그림은 자유롭게 상상하고 표현하는 것! 중요한 것은 재미와 해석!

그림에 정답은 없고, 『포인트 캐릭터 드로잉』은 수많은 그림 이론 중 하나의 가이드이다. 책에 나오는 이론을 절대적인 규칙으로 생각해서 따르기보다는 조금은 쉽게 재해석한 데포르메 인체 가이드로 봤으면 한다.
- 작가의 말 중에서
 책의 일부 내용을 미리 읽어보실 수 있습니다. 미리보기","목차
1권
PART 1
인체 009
상체
목, 어깨 010
가슴 022
겨드랑이, 복근 035
측면 047
후면 053
팔, 손 056
흐름 062
하체
골반 071
엉덩이 083
다리, 발 088

PART 2
팔 123
어깨 123
팔 127
손목 151
손 159


PART 3
얼굴 009
두상 010
눈 016
코 032
귀 037
입 044
턱 058
목 065
두상 측면 072
머리카락 083
얼굴 포인트 드로잉 108

PART 4
다리 125
허벅지 132
무릎 140
발목 145
발 149
다리 포인트 드로잉 188

PART 5
도감 203
펼쳐보기"
93,만화,다 보이는데요! 아이자와 양 2,376160928,9791138488112,7830,"오도로오 도로시 지음, 정백송 옮김",㈜소미미디어,20251112,6500,5850,320점,3690,만화,"책소개
최애인 그 아이는 ……지박령?!

조리 실습으로 카스미, 혼다와 함께 쇼핑을 가는 등,
아이자와 양을 계기로 점점 교우관계가 넓어지는 미치.
그러던 와중에 어떠한 계기로 아이자와 양에게 씌인 카스미와 키스를 하게 되는데…?!
미치 외에도 아이자와 양이 ""보이는"" 사야카 선배도 합세하여,
미치의 주변은 더욱 카오스가 되어간다!

한 번 씌이면 당신도 팬이 된다!
신감각 호러 백합 러브 코미디!","목차
제7화 당신을 위해서 할 수 있는 일
제8화 쿠로토리 양에게 닿고 싶은데 이미 죽었어
제9화 이상한 선배
제10화 너는 나와 닮았어!
제11화 진짜 나를 제대로 봐줬으면 좋겠어
제12화 퍼펙트 옐로
부록 특종! 혼다의 극비 파일"
94,만화,체인소 맨 4,299619372,9791169278560,,후지모토 타츠키 지음,학산문화사(만화),20210107,6000,5400,300점,12508,만화,"책소개
덴지의 심장을 놀는 괴집단의 습격으로 큰 타격을 입은 공안 특이과에는 심상치 않은 분위기가 감돈다. 한편, 덴지와 파워는 최강의 데블 헌터 밑에서 머리의 나사도 빠져버릴 「죽음」의 특훈을 개시하는데…?! 시리어스와 크레이지가 교차하며 반격의 봉화가 피어오른다!!",
95,만화,"잘 자, 심해 : 상",375426550,9791139155310,7830,하야카와 노지코 지음,조은세상(북두),20251113,6000,5400,300점,4040,만화,"책소개
하야카와 노지코의 섬세하고 감각적인 분위기가 돋보이는, 대망의 신작―

“나에 대해 아무것도 모르면서.”
작은 꽃집에서 일하는 키이치.
그는 온화하고 사람 좋은 성격으로, 느긋하고 여유로운 일상을 보내고 있다.
하지만 그런 나날 속에서도 가끔은 아슬아슬하게 마음이 기울고,
모든 게 괜히 귀찮게 느껴질 때가 있는데….

그런 그의 평화를 뒤흔드는 존재가 나타난다.

무례하고 거침없는 연하남, 텟페이.
오늘도 어김없이 키이치의 집 앞에 텟페이가 술에 취해 쓰러져 있는데….

막무가내지만 순진한 연하남과 어딘가 그늘이 있는 남자,
만나게 된 두 사람은―.","목차
1
2
3
3.5
4
잘 자, 핫케이크"
96,만화,야마다의 학급일지 1,371450357,9791142811937,47830,"아오미 루이 지음, 김서은 옮김",서울미디어코믹스(서울문화사),20250930,6500,5850,320점,9400,만화,"책소개
모든 일에 성실한 소녀×여자를 좋아하는 양아치
두 사람의 우당탕탕 청춘 러브 코미디♥

원래 남학교였던 곳에 입학한 세상만사 성실한 소녀, 야마다 니나.
「재미없다」, 「꽉 막혔다」란 말을 들어도 추천서를 위해서라면 힘낼 수 있다!!며 열심히 공부하는 나날.
어느 날, 등교를 거부하는 같은 반 학생 무라타 미하네를 등교시키면,
내신 점수를 주겠다는 담임 선생님의 제안을, 야마다는 마지못해 승낙한다.
그가 있는 오락실로 가자, 여자애들을 거느린 엄청 경박해 보이는 남자가 있었는데…?

엉뚱하고 성실한 소녀×여자를 좋아하는 양아치의
불균형한 청춘 러브 코미디!

※ 더블특장판 구성
『야마다의 학급일지 1』 단행본 + 캐릭터 스탠딩POP + 포토카드 3종",
97,만화,총몽 화성전기 11,375360484,9791141602611,7830,"기시로 유키토 지음, 주원일 옮김",문학동네,20251030,10000,9000,500점,4775,만화,"책소개
『총몽 화성전기』 완결―
그리고 『총몽』 사가는 다음 장으로 나아간다!

화성 통일과 화성대제국 마리네리스의 부흥을 꿈꾸는 판처 쿤스트(기갑술)의 장로 안드로 오스타드.
에리카가 오스타드에게 헌상하기로 약속한 ‘화성의 비보’에는 소유자를 화성의 지배자로 만들어준다는 전설이 깃들어 있었다. 한편, 카두케우스에서 치료를 받던 코인을 찾아간 오스타드는 한 가지 제안을 하는데… 총몽 3부 『총몽 화성전기』 완결.","목차
LOG:052 화성 최후의 비보
LOG:053 바실리 톨스키
LOG:054 카타콤베
LOG:055 헥센 하우스
LOG:056 코인 킬보른"
98,만화,찍히지 않습니다 3,374814986,9791138487931,7830,"코노시마 루카 지음, 심희정 옮김",㈜소미미디어,20251020,6500,5850,320점,15320,만화,"책소개
청춘 오컬트 붐은 온다!!
호러와 개그와 청춘의 절묘한 밸런스!!

특훈을 위해 출입 금지 구역으로 향한 오컬트부.
오랜만의 과외 활동에 불타는 일행이었지만 ‘금지 구역 파괴부대’라는 천벌 받을 유튜버들과 조우하고
원령과의 목숨을 건 놀이에 휘말리게 되는데?!
그 외에도 악령 가정교사에 공포의 여름 축제까지…
가슴 두근거리고 술렁거리는 제3권!!","목차
제18화 영감 666 003
제19화 [충격] 출입 금지 구역에 가보았다 021
제20화 친구(임시) 039
제21화 돌아가는 길을 모르겠어 057
제22화 빅토리 075
제23화 공부해… 095
제24화 이누가바 축제 115
제25화 배고파 배고파 먹어 먹어 133
제26화 쿠사카 사변 153
제27화 공포의 저택 171"
99,만화,"잘 자, 심해 : 하",375426824,9791139155327,7830,하야카와 노지코 지음,조은세상(북두),20251113,6000,5400,300점,3810,만화,"책소개
엇갈리는 둘의 마음, 그 행방은 어디로―

“이게 좋아한다는 거잖아요.”
어느새 키이치의 집에 눌러앉게 된 텟페이.
텅 비어 있던 그 방엔, 텟페이가 하나씩 채워 넣은 가구와 가전이 늘어가고.
어딘가 체념한 듯한 구석이 있는 키이치에게 텟페이는 “내가 있잖아요, 아무라도 상관없으면.”하고 말한다.
그런 텟페이가 기다리는 집으로 돌아가는 것이 점점 더 어려워지는데….

막무가내지만 순진한 연하남과 어딘가 그늘이 있는 남자,
움직이는 두 사람의 관계는―.","목차
5
6
7
잘 자, 트와일라잇"
100,만화,터무니없는 스킬로 이세계 방랑 밥 11,378066308,9791138488204,7830,"아카기시 K 지음, 마사 그림, 심희정 옮김, 에구치 렌 원작",㈜소미미디어,20251126,6000,5400,300점,5360,만화,"책소개
TV애니메이션 2기 방영 중!!

해산물을 실컷 먹고 소화 촉진을 위해 산책을 나선 페르 일행.
그러던 중, 별안간 거대한 레드 드래곤과 조우한다?!
경쟁심을 드러낸 드라 짱이 분전해 멋지게 토벌!
하는 줄 알았지만 무려 그 정체는 마력으로 만들어낸 가짜였다….
모처럼의 진미를 놓치고 페르 일행의 텐션은 급 하강. 그러는 와중에 레드 드래곤의 목격 정보가
모험가 길드에 도착하면서 도시는 시끄러워지는데?!
가짜 용의 출처는 던전 도시 에이블링의 고난이도 던전?! 실적을 인정받은 무코다는 그 조사를 명받게 되는데??!

밥과 드라마와 모험의 절묘한 밸런스!
맛있는 음식과 파란이 기다리는 이세계 방랑담, 제11권!","목차
제60장 레드 드래곤 / 007
제61장 드래곤 광상곡 / 033
제62장 파티&파티 / 059
제63장 레드 드래곤 찾기 / 085
보너스 소설 크라켄 / 중화덮밥 128
보너스 만화 바다의 / 도시는 도시락도 호쾌 137"
101,만화,너를 찾는 파도 5 (특별판),377095696,9791130673059,4810,청연 지음,다산코믹스,20251114,55000,49500,"2,750점",4150,만화,,
102,만화,호랑이는 용을 아직 먹지 않는다 5,375533987,9791138488037,7830,"이나바 하치 지음, 천선필 옮김",㈜소미미디어,20251105,6000,5400,300점,3440,만화,"책소개
“그러니까 맡기는 거야, 다음 세대에게.”
용과 호랑이의 아름다운 이종 판타지 여행기, 제5권!

‘오래 사는 법’을 알기 위해 헤키도와 하쿠레이가 코끼리인 미네르바를 따라간 곳은 황폐한 대지 안에 자리잡은 풍요로운 숲이었다.
그곳에서 만난 어린 하마, 포니포까지 합세한 일행은 숲의 일부로서 계속 살아가고 있던 거대한 짐승……,
‘장로’와 만난다.
‘용’이라는 생물이 지닌 힘과 다양한 상태…….
헤키도도 알지 못했던 많은 사실을 가르쳐준 장로는 일행에게 더욱 충격적인 사실을 말한다.

마주쳤던 다양한 짐승들
용이라는 존재의 신비
그리고 신비한 숲의 정체.
많은 수수께끼가 지금, 밝혀진다―――――!","목차
제33화 [장로] ――― 003
제34화 [파묻히는 태양] ――― 025
제35화 [뿌리내리다] ――― 049
제36화 [토룡] ――― 075
제37화 [도경화종] ――― 103
제38화 [싹틈] ――― 119
제39화 [잠깐의 휴식] ――― 145
제40화 [차고 기움] ――― 171
부록 만화 [꼬리가 없는 용호] ――― 201
부록 [수룡에 대하여] ――― 209"
103,만화,카구라바치 7 (더블특전판),372547833,9791142329272,7830,호카조노 타케루 지음,대원씨아이(만화),20250930,6500,5850,320점,15830,만화,,
104,만화,반딧불이의 혼례 8,372510203,9791142809828,47830,"타치바나 오레코 지음, 유유리 옮김",서울미디어코믹스(서울문화사),20250919,8500,7650,420점,14355,만화,"책소개
신페이를 향한 사토코의 진심…
그리고, 둘 앞에 닥친 또 다른 시련―.

“돌아가자꾸나, 사토코. 우리의 집으로.”
천녀도에 나타난 사토코의 아버지 쥬베.
그리고 키리가야 가문의 병사들이 차례차례 방아쇠를 당겨 신페이에게 총을 발포했다.
눈앞에서 신페이가 피격당하고 미츠에다도 총에 맞아 수많은 사람이 다치고 죽었다――.
마음에 깊은 상처를 입은 사토코가 몸져누워 하루하루가 흘러가던 와중,
어떤 인물이 사토코에게 도움의 손길을 내미는데…?",
105,만화,주술회전 30,369126143,9791142803550,47830,"아쿠타미 게게 지음, 이정운 옮김",서울미디어코믹스(서울문화사),20250829,6000,5400,300점,4535,만화,"책소개
돌고 도는 저주, 당당히 완결

영혼의 경계에 술식 ‘해(解)’를 박아넣어 스쿠나를 후시구로와 떼어놓고자, 이타도리는 영역을 전개――그 필중 효과로 스쿠나를 압박한다!!
저주를 둘러싼 싸움에 종지부를 찍을 마지막 비장의 카드는?!
대폭 새로 그린 내용으로 선사하는 최고의 마지막 권!!",
106,만화,유희왕 애장판 17,379004606,9791142335495,7830,다카하시 카즈키 지음,대원씨아이(만화),20251128,12000,10800,600점,8890,만화,,
107,만화,오! 나의 여신님 신장판 21,378049659,9791142337826,7830,후지시마 코스케 지음,대원씨아이(만화),20251120,15000,13500,750점,4890,만화,,
108,만화,역대급 영지 설계사 7,376250017,9791173150838,7810,"이현민 지음, 김현수 그림, 문백경 원작",문페이스,20251120,16000,14400,800점,3220,만화,"책소개
대하수로 공사 도중 묻혀 있던 언데드 마스토돈을 발견한 로이드.
낯설면서도 어딘가 익숙한 모습에, 곧 흑마법이 걸려 있음을 알아채는데.
용의자를 조사하러 떠난 나마란에서 흑화한 국왕 누님의 문양을 발견했다?!

[정보를 캐기 위해 변장도 불사하는 진정한 호위 기사 하비엘!
본격 나마란 잠입 수사 프로젝트, 지금 바로 시작합니다.]","목차
웹툰 073~084화 + 부록 수록"
109,만화,팬텀 버스터즈 5,378096466,9791138441285,7830,"네오쇼코 지음, 김지혜 옮김",㈜소미미디어,20251119,6500,5850,320점,4990,만화,"책소개
현지 누계 85만부 돌파!!!
문제아들의 제령x청춘 코미디!

갑자기 나타난 수수께끼의 훈남 음양사, 카데노코지 보탄.
그의 목적은 시시쿠노 가문에 대한 선전 포고와 모가리를 복종시키는 것이었다!!
보탄에 의해 대량의 악령을 받아들이게 된 모가리….
인간의 마음속 어둠을 파고드는 악령.
그 ‘어둠’이 생긴 모가리의 과거는······?
이윽고 밝혀지는 모가리가 중학교 시절 겪은 어둠이란?","목차
제17화 시시쿠노 ①
제18화 시시쿠노 ②
제19화 타락하자?!
제20화 에어컨을 고치자!
제21화 BVB를 하자!"
110,만화,스파이 패밀리 15,366123624,9791141161583,7650,엔도 타츠야 지음,학산문화사(만화),20250624,6000,5400,300점,23016,만화,"책소개
서로에게 끌리면서도 동서 전쟁으로 마음을 전하지 못한 채 헤어진 헨리와 마사…. 군에 자원한 마사는 처절한 전쟁터를 살아남아 웨스탈리스에서 구조된다. 전화 속에서 마시는 필사적으로 오스타니아에 돌아가려 하는데―?!","목차
MISSION : 100
MISSION : 101
MISSION : 102
MISSION : 103
MISSION : 104
MISSION : 105
MISSION : 106
MISSION : 107
MISSION : 108
SHORT MISSION : 14"
111,만화,나의 히어로 아카데미아 공식 일러스트집 Ultra Artworks,375535559,9791142813078,47830,"호리코시 코헤이 지음, 오경화 옮김",서울미디어코믹스(서울문화사),20251031,44000,39600,"2,200점",4900,만화,"책소개
『나의 히어로 아카데미아』 최초의 일러스트집,
화려한 아크릴 굿즈 특별판과 함께 등장!!

모두가 ‘최고의 히어로’가 되는 이야기.
10년에 걸친 연재의 집대성──
『나의 히어로 아카데미아』, 그리고 KOHEI HORIKOSHI
최초의 ‘일러스트집’!!!",
112,만화,향기로운 꽃은 늠름하게 핀다 16,372708826,9791142328848,7830,미카미 사카 지음,대원씨아이(만화),20250930,6000,5400,300점,8655,만화,,
113,만화,노아 선배는 친구 7,375449964,9791142812262,47830,"Enma Akiyama 지음, 심이슬 옮김",서울미디어코믹스(서울문화사),20251029,6500,5850,320점,4565,만화,"책소개
이 관계는 선배? 친구? 아니면…?
점점 어긋나는 노아 선배의 거리감 때문에 회사에서도 서서히 다양한 억측이 오가기 시작하면서 조금 불쌍해지는 리히토.
그러던 중, 두 사람이 맞이한 ""친구 하프 애니버서리"".
친구 하프 애니버서리가 뭐지…?",
114,만화,할렐루야 베이비 2,376905280,9791127496609,7830,"코지마 라라 지음, 정우주 옮김",AK(에이케이)커뮤니케이션즈,20251110,6500,5850,320점,3140,만화,,
115,만화,"사랑하라, 거짓된 천사들이여 5 (한정판)",375079462,9791142812682,44830,"Coco Uzuki 지음, 정효진 옮김",서울미디어코믹스(서울문화사),20251024,33000,29700,"1,650점",8755,만화,"책소개
두근두근 청춘 러브스토리! 사랑하라, 거짓된 천사들이여!
5권 글리터 아크릴 블록 한정판&일반판 동시 발행!!

너에 대한 마음이 쉼 없이 흘러넘쳐.

다른 사람들이 자신에게 원하는 모습이 무너지지 않도록 늘 완벽한 미소녀를 연기해온 카츠라 오토기.
학교에서 얻은 별명은 이름하여 “심쿵 천사”.
하지만 아무에게도 보여주지 않던 본모습을 신경 쓰이던 완벽남 니노마에 토키에게 들키고 만다.
그러나 마찬가지로 숨겨진 본성이 있던 그를 좋아하게 되고, 한 번 차인 후에도 포기하지 않는 오토기.
그런 오토기에게 끌리던 후타가미 라이와, 좋아하는 마음을 자각한 니노마에 토키.
세 사람의 뒤엉키는 마음은 대체 어디로 갈 것인가…?!
점점 거세지는 인기몰이!
완벽을 연기하는 남녀의 속고 속이는(?) 러브♡

※ 한정판 구성
『사랑하라, 거짓된 천사들이여 5』 단행본 + 초판 한정 양면 일러스트 카드 + 글리터 아크릴 블록 + 스페셜 일러스트 카드 2종",
116,만화,마루는 강쥐 8,373271203,9791173150807,7810,모죠 지음,문페이스,20251023,16000,14400,800점,6865,만화,"책소개
""...이거 아니면 싫어.""
마루가 제일 좋은! 마루가 아니면 안 되는 언니들 모여라~
가을을 맞아 마음이 쓸쓸해?질 틈도 없이 『마루는 강쥐』 8권이 찾아왔다!
봄, 여름, 가을까지 마루와 함께해요♡

""잠자리채 들어! 괴물 사냥이다!""
밤이 되면 침대 밑에서 나타나 아이를 끌고 가는 괴물이 있다고?
하지만 마루는 괴물 따위 무섭지 않지. 잠자리채 하나면 준비 완료!
공개합니다, 마루가 알려주는 괴물 사냥 필승 비법~

""조심해! 외계인한테 잡혀간다!""
아무도 본 적 없는 301호 주민의 비밀은? 외계인?!
설마 지구를 침략하러 온 걸까? 하지만 왠지 좋은 외계인 같다?.
우주 식물에 UFO까지 보여주는 이웃집 외계인, 너의 정체가 궁금해!

웹툰 92~104화 수록! 단행본에서만 볼 수 있는 특별 부록
'무지개 빌라 이야기'까지 담아낸 『마루는 강쥐』 8권
.
.
""내려와서 같이 놀자~""
무지개 빌라 이웃들과 함께 외계인을 만나러 가는 마루.
과연 마루와 이웃들은 301호 외계인과 친구가 될 수 있을까?","목차
Chapter 92 애착 인형을 살려라
Chapter 93 마루의 첫 친구는 누구?
Chapter 94 침대 밑 괴물을 사냥하라!
Chapter 95 괴물의 정체
Chapter 96 너의 영혼이 보여
Chapter 97 잡아라, 울짝팡♡
Chapter 98 새 친구
Chapter 99 무인도에 갇히다
Chapter 100 살려주세요
Chapter 101 돈가방을 지켜라
Chapter 102 환장하겠네
Chapter 103 외계인을 잡아라!!!
Chapter 104 인간, 제거하라! 제거하라!"
117,만화,사피엔스 : 그래픽 히스토리 Vol.1,256860565,9788934991328,7900,"다니엘 카사나브 그림, 김명주 옮김, 유발 하라리 원작, 다비드 반데르묄렝 각색",김영사,20201123,19800,17820,990점,46670,인문학,"책소개
MD 한마디
만화로 읽는 『사피엔스』
『사피엔스』는 영장류의 한 종이었던 호모 사피엔스가 최상위 포식자가 되기까지 역사를 다룬다. 생물학, 인류학, 뇌과학, 종교학, 역사 등 다양한 학문을 넘나들며 논의를 전개하여 이해하기가 쉽지만은 않다. 이제 『사피엔스: 그래픽 히스토리 Vol.1』에서 도움을 구해보자.
2020.12.01.
인문 PD 손민규
쉽고 재밌는 또 다른 『사피엔스』의 탄생!
전 세계 1600만 부, 국내 100만 부 베스트셀러를 ‘그래픽 히스토리’로 만나다

‘그래픽 히스토리’로 돌아온 『사피엔스』의 빅 퀘스천 1탄: 인류의 탄생
흥미롭고 기발한 만화적 상상력으로 재미와 이해도를 높인 『사피엔스』

2015년 11월 출간 이후 하라리 열풍을 일으킨 『사피엔스』가 ‘그래픽 히스토리’로 돌아왔다. 2020년부터 1년마다 순차적으로 출간되는 『사피엔스: 그래픽 히스토리』 시리즈는 교양 논픽션인 원작의 핵심이 기발한 각색과 세련된 그림을 통해 흡인력 강한 스토리텔링으로 재탄생한 그래픽노블의 걸작이다. 그중 첫 권은 원작의 ‘1부 인지혁명’을 다룬다. 인류 진화의 여정이 리얼리티 TV쇼로 생중계되고, ‘픽션’ 박사가 문명의 토대가 된 ‘허구’의 가공할 힘을 설명한다. 역사학, 생물학, 인류학 등의 학문적 내용을 짜임새 있게 시각화해 전문지식을 이해하기 쉽게 전달하고, 역사적 인물과 사건, 다양한 예술작품이 곳곳에 위트 있게 등장해 읽는 재미를 더한다. 역사학자 유발과 조카 조이가 만나면서 시작한 이야기가 사피엔스를 피고로 세운 법정의 충격적인 장면에서 끝날 때까지, 새롭고 생생한 스토리텔링으로 인류 문명사의 핵심을 정리한다.

 책의 일부 내용을 미리 읽어보실 수 있습니다. 미리보기","목차
역사 연대표

사바나의 반역자
허구의 대가들
섹스, 거짓말, 그리고 동굴벽화
대륙 간 연쇄살해범

감사의 말
호모 속의 종들에 관하여"
118,만화,패밀리 레스토랑 가자. 上,337054427,9788954698726,7830,"와야마 야마 지음, 현승희 옮김",문학동네,20240401,8500,7650,420점,32552,만화,"책소개
『가라오케 가자!』와 연결되는 새로운 시리즈,
『패밀리 레스토랑 가자.』 上권 출간!

『가라오케 가자!』의 노래방 대회 후 4년.
새로운 곳에서 재회한 야쿠자 쿄지×대학생 사토미,
다시 한번 테이블에 마주앉은 두 남자의 이야기.

대학생이 된 사토미는 도쿄에서 우연한 사건을 계기로 심야의 패밀리 레스토랑 아르바이트를 시작한다.
수상한 만화가 2인조가 레스토랑에 찾아오는 가운데
야쿠자 쿄지가 사토미를 찾아와 밥을 사주는 날들이 이어진다.","목차
제0화
제1화
제2화
제3화
제4화
제5화
제6화
제7화
제8화
제9화
후기"
119,만화,주술회전 29 트리플 특장판,362208365,9791142802393,47830,"아쿠타미 게게 지음, 이정운 옮김",서울미디어코믹스(서울문화사),20250430,6000,5400,300점,27095,만화,"책소개
미겔과 라루, 게토 일파 두 사람의 조력을 받아 육박하는 이타도리 일행을 상대로, 깎여나간 힘을 ‘흑섬’으로 되찾아가는 스쿠나…!! 극한의 공방을 이어나가는 가운데, 이타도리 또한 ‘흑섬’을 통한 각성으로 자신의 잠재 능력을 해방시키는데――?!",
120,만화,"적어도, 이건 사랑 7",376754729,9791141171254,7650,후지모모 지음,학산문화사(만화),20251111,6000,5400,300점,2730,만화,,
121,만화,우주형제 45,376191863,9791142813597,47830,"츄야 코야마 지음, 유유리 옮김",서울미디어코믹스(서울문화사),20251106,5000,4500,250점,2700,만화,"책소개
NASA, JAXA, 로스코스모스 공동 작업으로 표류 중인 뭇타의 궤도 산출 성공.
히비토가 탄 소유즈를 해당 위치로 보내는 뭇타 구출 미션 진행 중.
예측 불허한 산소 잔량과 어긋난 궤도로 인한 발견 지연 등
불안 요소는 수없이 많다.
절망 속, 형제의 랑데부는 성공할 것인가――!",
122,만화,최고의 건물과 거리를 그리는 기술,373404388,9788931476996,13650,"건축지식 지음, 김재훈 옮김",영진.com(영진닷컴),20251027,21000,18900,"1,050점",3820,만화,"책소개
『최고의 건물과 거리를 그리는 기술』은 건축 전공자가 아니더라도 사실적이고 매력적인 건물과 거리를 그릴 수 있도록 돕는 드로잉 실용서이다. 이 책은 건축 전문 잡지인 『건축지식』에 수록되었던 특집 내용을 바탕으로 재편집해, 독자들이 한 권으로 건축 드로잉의 원리와 기법을 체계적으로 익힐 수 있도록 구성했다.

책은 총 5개의 PART로 이루어져 있으며, 건축 작화의 기본 원칙에서 거리 풍경 연출, 시대와 판타지 세계를 담은 건축 표현, 투시도와 구도의 전략, 그리고 실무 프레젠테이션 기법까지 폭넓게 다룬다. 지붕과 창호, 발코니 같은 디테일에서 전통과 현대 주거 공간, 도시의 거리 풍경까지 실제 규격과 원리에 근거한 묘사법을 담아 그림에 사실감을 더한다. 또한 사람과 소품, 빛과 그림자를 활용해 장면의 생동감을 살리고, 현실과 상상을 넘나드는 다양한 무대를 창조하는 즐거움까지 전한다.

특히 투시도와 구도의 기본기를 익히면 한 장의 그림이 주는 인상과 감정을 설계할 수 있어, 완성도 높은 건축 일러스트를 완성할 수 있다. 마지막으로, 설계 현장에서 활용되는 손그림 기법과 프레젠테이션 노하우를 담아, 그림이 소통과 설득의 강력한 도구가 될 수 있음을 보여준다. 이 책은 건축 드로잉 입문자부터 현업 실무자까지, 그림 속에 리얼리티와 감동을 더하고 싶은 모든 독자에게 든든한 길잡이가 될 것이다.
 책의 일부 내용을 미리 읽어보실 수 있습니다. 미리보기","목차
01. 원칙을 알면 건축을 그릴 수 있다
요즘 목조 주택을 그린다
멋진 철근콘크리트 아파트를 그린다
지붕의 투시도법
지붕을 다양하게 표현한다
개구부 그리는 법
전통 공간의 모듈과 규격
전통 공간에 쓸 수 있는 여러 가지 지식
현대식 방의 모듈과 규격
현대식 공간에 쓸 수 있는 여러 가지 지식 ①
현대식 공간에 쓸 수 있는 여러 가지 지식 ②
계단 그리는 법
이동 공간의 모듈과 규격
이동 공간에 쓸 수 있는 여러 가지 지식
부엌의 모듈과 규격
물 사용 공간의 모듈과 규격
물 사용 공간에 쓸 수 있는 여러 가지 지식
실외 공간의 모듈과 규격
실외 공간에 쓸 수 있는 여러 가지 지식

02. 리얼리티를 연출하는 작화술
음영 표현의 기본을 알자
음영은 색감을 통일한다
효과적인 음영 사용으로 드라마틱한 연출
낮과 밤의 빛 변화를 표현한다
따스하고 그리운 주택의 불빛
분주한 점포의 불빛을 표현한다
색채의 기초 지식을 익히자
논리적으로 채색한다
색채원근법으로 통일감과 강약을 조절한다!
멀수룩 푸르스름하게 보이는 ‘레일리 산란’
공기가 뿌옇게 흐려지는 ‘미 산란’
알아두면 좋은 재료와 도구
목적에 알맞은 터치
물체의 질감을 색으로 표현한다
광원 연출을 모노크롬 변환으로 확인
한색 선화로 세밀한 일러스트를 강조한다
선화는 최소한의 묘사로 심플하게
선화만으로 세계관을 구축
선화를 활용해서 채색한다
지금 바로 쓸 수 있는 ‘마커 스케치’ 테크닉
색연필은 해칭으로 질감, 입체감을 더한다
투명 수채는 채색 순서가 중요하다
웨트 인 웨트(wet in wet)로 섬세하게 연출
소재의 노후화를 그린다
질감의 종류
건물을 강조하는 구름 표현
구성 요소는 전략적으로 배치한다
별도의 구성 요소가 있으면 안 되는 곳도 있다
공간 표현은 스케일에 주의!
구성 요소는 대략적으로 그린다
생활감은 소품으로 보여준다
사람은 모듈로 그린다
길거리에 군중을 그려 넣는다
나무는 줄기와 잎의 비율이 핵심
외관의 매력을 높이는 식재 그리는 법
내관의 매력을 높이는 식재 그리는 법
나무를 겹쳐서 높낮이를 표현한다
하이라이트로 생생한 식물을 그린다
자연 묘사로 지질을 표현한다
구성 요소로 보기 좋은 ‘복잡함’을 연출한다
가구는 세부 묘사와 음영이 핵심
애니메이션 미술 설정으로 배우는 세계관 구축하는 법

03. 무대 설정별 건축 지식과 연출 기법
에도 시대의 길거리를 그린다
분위기 있는 신사를 그린다
레트로 건물을 그린다
레트로 주택단지는 비좁은 공간과 생활감으로 표현
의도한 거친 묘사가 그리움을 자극한다
설비를 그려 리얼리티를 더한다
전형적인 학교의 평범한 교실
최첨단 교실로 업데이트
학교 조리실을 그린다
학교 보건실을 그린다
역참 마을의 구조
항구 마을의 구조
성곽과 성하마을의 구조
신도시의 구조
판타지 건물을 창작한다
동양풍의 분위기를 연출한다

04. 도법과 구도의 기초 지식
투시도법의 기초를 알자
원근법의 기본을 이해하자
1점 투시도법
1점 투시도법은 특정 범위를 간단히 표현할 수 있다
2점 투시도법
넓은 범위를 표현하고 싶을 때는 2점 투시도가 최적
‘요코우치식’ 1점 투시도법으로 효율적으로 그린다
여러 모티브를 비스듬히 배치한다
VP를 옮겨서 자연스럽게 보여준다
모티브를 강조할 수 있는 강화원근법
도면으로 원근법 이외의 표현
보여주고 싶은 것으로 등각투영도의 각도를 조절한다
대각선을 사용해 벽을 균등하게 분할한다
랜덤한 폭도 대각선으로 간단히 분할할 수 있다
1점 투시로 둥근 바닥과 테이블을 그린다
소품은 전부 단순한 형태로 분할해서 그린다
오르막은 위아래 2개의 VP로 그린다
내리막은 오르막을 응용해서 그린다
경사천장은 3개의 VP로 그린다
계단은 경사로를 응용해서 그릴 수 있다
구도와 화각의 사용법
화각과 구도의 선택으로 현장감 UP
첫인상으로 끌어당긴다
핵심은 미리 정해 둔다
길거리를 그리는 기본
길거리만으로 보기 좋은 화면을 만든다
금방이라도 움직일 듯한 표현
실루엣을 잡고 그린다
직선과 곡선을 사용한 공간 표현과 구도
세계관을 한 장의 종이로 전달한다
건물이 있는 배경에 캐릭터를 배치
캐릭터를 강조한다

05. 그림 실력 향상은 설계 숙달이 지름길
마음을 흔드는 ‘손그림’의 힘
도판 자료의 특성을 정리하고 활용한다
채색과 그림자의 효과로 평면도를 입체로
단면도에서는 그림자 표현이 더욱 중요
입면도에 입체감을 더하면 효과 발군
도면의 스케일에 알맞은 색을 사용한다
일러스트의 의도를 색으로 강조한다
원근법으로 효과적인 이미지 공유
멋진 프레젠테이션 시트의 비법
시퀀스로 상상력을 자극한다
친숙한 표현으로 건축을 쉽게
‘세일즈 포인트’를 적절하게 어필하는 프레젠테이션 시트
효과적인 구도, 화각을 설정한다
핵심을 여기저기에 만든다
건물의 용도를 구성 요소로 표현한다
손그림으로 정확하고 빠르게! 워킹 퍼스의 추천
‘설계’로 의뢰인의 본심을 끌어낸다
한 번의 프레젠테이션으로 이해와 공감을 최대한 얻으려면
펼쳐보기"
123,만화,리코리스 리코일 1 (트리플 특전판),377924710,9791173207587,7830,"비젠 야스노리 지음, 이주엽 옮김, Spider Lily 원작",YNK MEDIA(만화),20251127,6000,5400,300점,5330,만화,"책소개
흉악 범죄가 전혀 일어나지 않는 나라 일본.
그 치안을 그늘에서 유지하는 에이전트 「리코리스」의 정체는,
교복을 입은 채 도시에 녹아든 소녀들이었다―.
읽으면 더욱더 『리코리스 리코일』이 좋아지는 기대받는 코미컬라이즈 제1탄!",
124,만화,앨리스와 셰에라자드 : 가면무도회,375158361,9791141601959,7830,"모로호시 다이지로 지음, 고현진 옮김",문학동네,20251031,11000,9900,550점,3975,만화,"책소개
앨리스와 미스 홉슨의
기묘하고 유쾌한 사건 노트 2탄!

영적인 힘을 타고난 앨리스와 군인 집안 출신이자 다양한 무기를 잘 다루는 미스 홉슨. 이 여성 듀오의 기묘하고 유쾌한 활약을 그린 두번째 권 『앨리스와 셰에라자드 ~가면무도회~』가 출간되었다. 꿈속에서 본 그림의 모델을 찾아달라는 화가, 책에 쓰인 글자가 사라졌다며 글자의 행방을 알아봐달라는 백작, 유령이 나타난다는 가면무도회에서 만난 불가사의한 존재들, 사라진 반려묘를 찾아달라는 꼬마 남매의 의뢰까지 더욱 기이하고 신비로운 에피소드 8편을 수록했다.","목차
유디트
강령회의 밤
십자로의 악마
다시 돌아온 유디트
다섯 장의 카드
가면무도회
고양이 강령회
경계의 작은 집"
125,만화,유령성의 남편님 1,375046159,9791142331367,7830,시바미야 유키 지음,대원씨아이(만화),20251024,7000,6300,350점,3250,만화,"책소개
무시무시한 소문이 떠도는 ‘새틴발트의 유령성’에 시집을 가게 된 왕고집 아가씨 밀러. 세간에는 불경죄로 죽었다고 알려져 도망칠 곳도 없다…! 마치 유령 같은 성주 리하르트 님의 후계자를 남기는 것이 밀러의 ‘임무’라고 하는데?! 최강 공포 부부의 결혼 코미디 개막!",
126,만화,팔견전 23,374961203,9791138487795,7830,"아베 미유키 지음, 박소현 옮김",㈜소미미디어,20251029,6000,5400,300점,5080,만화,"책소개
나는 마지막까지, 「사람」이고 싶어……

시노에게 목이 베였으나 검은 큰구렁이와 동화되어 황궁을 습격하는 타마즈사.
쌓이고 쌓인 그 원한은 팔견사가 가진 '구슬'만으로는 봉인하기 어려웠던 탓에
시노 일행은 다시 전력을 기울여 타마즈사를 공격하기로 한다.
오로지 각자가 가슴에 품은 '소원'을 이룰 그 순간만을 굳게 믿고서…….
그리고 짐승 빙의의 네 가문의 힘으로 황궁에 타마즈사를 가둠으로써 팔견사의 마지막 사투가 시작된다.
그러던 중, 「후세히메」라 자칭하는 어떤 여자가 나타나는데……?!

운명적 낭만담◆제23권!!
보너스 만화도 수록!","목차
제77화 ―분리된 영혼―
제78화 ―숙주―
제79화 ―사이히메―
제79.5화 ―찻집 사람들―
후기"
127,만화,만화 인소의 법칙 8 (한정판),377267608,9791173820618,4810,"아현 지음, 유한려 원작",디앤씨웹툰비즈,20251128,35000,31500,"1,750점",3710,만화,"책소개
“그게 지금 내가 하고 싶은 거니까.”

지호의 부탁으로 한울 그룹 파티에 동행하게 된 단이. 난다 긴다 하는 재벌들이 모두 참여한 그곳에, 어쩐 일인지 아는 얼굴들이 전부 모여 있다?!
친구들과 즐거운 시간을 보내고 귀가하던 단이와 여령은 뜻밖에도 손발이 묶인 채 낯선 곳에서 눈을 뜨게 된다. 당황도 잠시, 소설 속이 위험할 리가 없기에 침착함을 유지하지만 곧 납치범이 꺼낸 말에 큰 충격을 받게 되고…. 과연 단이를 충격에 빠트린 납치범의 청제는…?!

※ 단행본 8권에는 연재분 126화~145화까지의 원고를 담았습니다.

※ 한정판 구성
- 『만화 인소의 법칙 8』 단행본
- 2단 아크릴 디오라마
- 권은형 학생증 (5.3×8.4cm)
- 캐릭터 키링 시리즈7 반여단 (3×7cm)
- 엽서 4종 (10.5×15cm)","목차
20화 파티에서(1)
21화 파티에서(2)
22화 납치 사건"
128,만화,블루 록 33,374593353,9791141164126,7650,"노무라 유스케 지음, 카네시로 무네유키 원작",학산문화사(만화),20251023,6000,5400,300점,7885,만화,"책소개
절망과 희망이 뒤섞이는 최종전! 신 영웅대전 vs. 프랑스전, 드디어 결판!!

라스트 골을 차지하고자 이사기와 카이저가 손을 잡으며 팀 전체가 활성화한 독일! 이에 질세라 프랑스도 합공을 펼치며 일진일퇴의 공방은 격화한다! 그런 과열된 필드에서 여전히 카이저를 갈구하다 혼자 남겨진 네스. 과연 자신이 재기할 길을 찾을 수 있을 것인가―. 격동의 신 영웅대전, 완전 우승은 누구의 손에?! 사상 최대로 예측 불가능한 결말을 목격하라!!
사투를 거치고 신 영웅 탄생을 향해! '블루 록'이 낳은 에고는 세계를 뒤집는다!!",
129,만화,귀멸의 칼날 1~23 박스 세트 - 전23권 (완결),304249889,9791169471336,,고토게 코요하루 지음,학산문화사(만화),20221103,138000,124200,"6,900점",9734,만화,,
130,만화,꿈인지 생시인지 1,378237082,9791142335570,7830,사키사카 이오 지음,대원씨아이(만화),20251128,6500,5850,320점,4150,만화,"책소개
낯가림이 심하고, 말주변도 없는 ‘호쇼 이로하’는 고등학교 1학년. 겉보기엔 늘 기분이 언짢아 보이는 탓에 외톨이로 하루하루를 보내지만, 유일하게 마음을 허락한 ‘선배’가 있다. 그는 바로 ‘아쿠츠 소우’……. 항상 웃는 얼굴로 이로하가 듣고 싶은 말을 해주는 존재다. 우리 반에 내 자리가 없어도, 선배가 있으면 돼! 하지만 어느 날, 동급생에게 선배와 이로하가 안고 있던 비밀을 들키는데….",
131,만화,야마다 군과 Lv999의 사랑을 하다 1,373998674,9791127884031,7830,"마시로 지음, 송재희 옮김",디앤씨미디어(주)(D&C미디어),20250920,8000,7200,400점,5910,만화,"책소개
남자 친구가 온라인 게임에서 만난 여자와 바람을 피워서 차인 아카네.
화풀이로 전 남친과 플레이했던 게임에서 잡몹을 사냥하던 중 같은 길드 멤버인 뽀글머리남·야마다가 말을 걸어온다.
남자 친구에게 차인 것을 홧김에 야마다에게 하소연하지만 「관심은 없네요」라며 매정한 대답을 듣는다.
이후 아카네는 전 남친에게 설욕하고자 예쁘게 꾸미고서 게임의 오프라인 이벤트에 참석하지만,
거기서 도움 받은 잘생긴 남자로부터 길드 멤버인 야마다와 완전히 똑같은 말을 듣는데……","목차
제1화 게임하는 남자들은 이래서 안 된다니까!!
제2화 야마다, 좀 쌀쌀맞지 않아?
제3화 설마 하룻밤 실수를?!
제4화 제대로 취사선택해 주세요
제5화 슬슬 보스 나올 시간이라
제6화 걱정했어요
제7화 두 사람은 혹시
제8화 정모하고 싶어♡
제9화 루리공주 맞지?!
스페셜 번외편 어느 밤에 있었던 일"
132,만화,주술회전 27 트리플 특장판,345848982,9791136791047,47830,"아쿠타미 게게 지음, 이정운 옮김",서울미디어코믹스(서울문화사),20240829,6000,5400,300점,36401,만화,"책소개
카시모VS.스쿠나 & 타카바VS.켄자쿠

‘그’의 패배 이후, 사태는 급박하게 변한다――!!



고죠의 패배――그 죽음을 애도할 새도 없이 스쿠나와의 싸움에 임하는 카시모! 카시모는 목숨을 걸고 술식을 해방하지만, 스쿠나는 강생을 통한 변신을 완수하며…?! 한편, 스쿠나전(戰) 이면에선 개그맨 타카바가 켄자쿠를 상대로 일대일 대결에 나서는데?!!",
133,만화,야마다 군과 Lv999의 사랑을 하다 2,373999147,9791127884048,7830,"마시로 지음, 송재희 옮김",디앤씨미디어(주)(D&C미디어),20250920,8000,7200,400점,5625,만화,"책소개
“아카네 씨는 혹시 야마다 씨를 좋아하시나요?”

온라인 게임뿐만 아니라 현실에서도 야마다와 조금씩 교류하게 된 아카네.
야마다가 신경 쓰이기 시작하던 와중, 아카네는 게임 속 길드 마스터인 루리공주의 초대를 받아 정모에 참석한다.
멤버들과 처음으로 직접 만나게 된 길드 모임에서, 아카네에게 또다시 트러블이 발생하는데?!","목차
제10화 야마다 씨를 좋아해요?
제11화 새삼스럽게
제12화 10분만 여기서 기다려 줘!
제13화 예정 같은 거 없어
제14화 자세히 말해 줘야겠어
제15화 혹시 다쳤어요?
제16화 컴퓨터는 잘 모르지만
제17화 개인적으로는 러브 코미디식 전개를 원해
제18화 미안한 짓을 했네….
제19화 분명 다가가지 않는 게
스페셜 번외편 사사키 씨네 루나 양은"
134,만화,나나 NANA 완전판 2,373273580,9791141166885,7650,야자와 아이 지음,학산문화사(만화),20251028,12000,10800,600점,7170,만화,"책소개
첫 연재 이후로 지금까지 꾸준히 사랑받는 레전드 순정만화! 작화, 연출 모두 지금 보아도 트렌디한 올라운더! 그 시절 소녀들에게 꿈과 희망, 사랑과 절망을 알려준 바로 그 작품, 〈NANA〉가 연재 25주년을 기념하여 완전판으로 출간됩니다. 기존 단행본에 흑백으로 실린 컬러 일러스트를 온전히 수록하였으며, 새로운 번역 및 편집은 물론 훨씬 커진 판형으로 가독성까지 고려하여 최고의 퀄리티로 선보입니다.",
135,만화,괴이 씨와 아스카 군의 이야기,378831569,9791194930754,7830,"시즈마 지음, 김산 옮김",리크,20251126,7000,6300,350점,7570,만화,"책소개
정체불명의 인외 ‘괴이 씨’와 다정한 ‘아스카 군’의 달콤한 일상

아스카는 어느 날 퇴근길에 기묘하고 거대한 ‘무언가’를 만나고 겁에 질려 도망친다. 아스카를 따라온 '그'는 놀란 아스카를 품에 안아 달래고, 떨어트리고 간 교통카드를 건넨다. 의외로 나쁜 사람(?)은 아닐지도 모른다는 생각에 아스카는 그를 집 안으로 초대하고, 그날 이후 ‘괴이 씨’는 아스카의 집에 찾아오기 시작하는데….","목차
제1화 아스카 군, 괴이 씨를 만나다
제2화 아스카 군, 괴이 씨와 친해지다
제3화 괴이 씨의 몸
제4화 자기 잘못은 쏙 빼고 남 얘기만 하는 괴이 씨
제5화 좌식 의자를 사고 싶은 아스카 군
제6화 거침없이 거리를 좁히는 괴이 씨
제7화 괴이 씨, 아스카 군을 곤란하게 하다
제8화 점점 거침없어지는 괴이 씨
제9화 괴이 씨와 아스카 군과 그놈
제10화 괴이 씨와 아스카 군, 엇갈리다
제11화 괴이 씨와 아스카 군의 핼러윈
제12화 괴이 씨에게 상처를 입히고 싶지 않은 아스카 군
제13화 행동하는 괴이 씨
제14화 아스카 군, 친구와 집에서 술을 마시다
제15화 아스카 군, 고향에 내려가다
제16화 항상 있던 괴이 씨
제17화 괴이 씨와 아스카 군의 이야기
특별편 괴이 씨는 아스카 군을 너무 좋아해
펼쳐보기"
136,만화,야마다 군과 Lv999의 사랑을 하다 3,373999390,9791127884055,7830,"마시로 지음, 송재희 옮김",디앤씨미디어(주)(D&C미디어),20250920,8000,7200,400점,5570,만화,"책소개
“만약 내가 야마다에게 사귀자고 했더라면 뭐라고 했을 거야?”

온라인 게임에서 알게 된 아카네와 야마다.
길드 멤버들과의 교류를 통해, 야마다네 학교 문화제에 놀러가는 등 조금씩 거리가 가까워진 두 사람이지만─.
「이 관계는 어디까지나 친구 사이인걸까…….」
스스로의 마음에 확신이 없는 가운데, 심한 감기에 걸린 아카네가 길거리에서 쓰러지고 만다.
그런 그녀 앞에 나타난 인물은……?!","목차
제20화 안심하고 싶나요?
제21화 회선 핑계 대지 마
제22화 왜 웃고 있어요?
제23화 그냥 사귀어 버리는 게 어때?
제24화 만약 그렇다면 그건 굉장히
제25화 무시무시한 함정인 거야
제26화 홀수는 싫어!!
제27화 누구 대신할 사람 없어요?
제28화 미안, 야마다
제29화 그러고 보니 예전에
제30화 뭔가 그게 더 좋지 않아?
스페셜 번외편 어느 밤에 있었던 일Ⅱ"
137,만화,그 비스크 돌은 사랑을 한다 14,362120342,9791138486156,7830,"후쿠다 신이치 지음, 박연지 옮김",㈜소미미디어,20250416,6000,5400,300점,8058,만화,"책소개
TV 애니메이션 2기, 2025년 7월 방영 예정!!
메가히트 코스프레 러브 코미디!!

첫 코믹 마켓은 대성공!
…일 텐데…?

전대미문의 대열광을 일으킨 마린의 하니엘 코스프레. 원작자의 눈에까지 들어 그 반향은 점점 더 널리 퍼져 나간다. 그러나 와카나의 표정은 어둡고, 마린과의 관계도 서먹해진 모양…. 그 와중에 두 사람은 히나 인형 행사에. 어색함을 숨긴 두 사람 앞에 생각지도 못한 인물이 나타나는데…?!","목차
제103화
제104화
제105화
제106화
제107화
제108화
제109화
보너스"
138,만화,마남 이치 2 (더블 특전판),374276000,9791142812040,47830,"유사자키 시로 지음, 유유리 옮김, 니시 오사무 원작",서울미디어코믹스(서울문화사),20251014,7000,6300,350점,9750,만화,"책소개
2025 차세대 만화대상 만화 부분 1위, 마법 헌팅 판타지의 화려한 등장!

팀 데스카라스의 대원이 된 이치는 마녀협회의 임무로 빙교 사냥에 파견된다.
도착한 곳에는 얼음이 된 마을 사람들의 모습이…!!
생물을 얼음 덩어리로 만드는 흉악한 “빙교의 마법”을 사냥해 습득하기 위해, 극한의 땅에서 가혹한 시련에 도전한다――!!
데스카라스와 쿠무기가 어려운 시련에 고전하는 사이, 이치가 놀라운 비책을 떠올리는데…?!",
139,만화,어제 뭐 먹었어? 24,371721896,9791128372445,47830,요시나가 후미 지음,삼양출판사(만화),20250908,6000,5400,300점,8530,만화,"책소개
2DK의 집, 중년 남자 둘, 식비 월 4만 엔(점심 식비 별도).
이 만화는 카케이 시로(변호사)와 야부키 켄지(미용사)의 '식생활'을 둘러싼 이야기를 다루고 있다.
이번 24권의 메뉴는...
채소볶음나물 비빔밥, 군만두, 양갈비소테, 흰살생선 세비체, 닭다리살 토마토스끼야끼, 드롭 초코칩쿠키, 고등어 샌드위치, 된장우동, 고기채소볶음국수 등.","목차
#185 - 003
#186 - 021
#187 - 041
#188 - 061
#189 - 079
#190 - 095
#191 - 113
#192 - 131"
140,만화,코미 양은 커뮤증입니다 35,374452804,9791138487856,7830,"오다 토모히토 지음, 박경용 옮김",㈜소미미디어,20251022,6000,5400,300점,7565,만화,"책소개
[TV 애니메이션 1,2기, 넷플릭스 절찬 스트리밍 중!!]

국내외 성원에 감사.
만국 공통 커뮤증 미소녀 코미디!

반을 이끄는 '리더'로서 문화제를 무사히 마친 코미 양.
고교 생활이 점입가경을 맞이하는 가운데, '친구 100명'이라는 목표도 가경으로.
한편, 남동생 쇼스케 군에게는 타다노 히토미가 결성한 '웃게 만들자 모임'의 마수가 뻗쳐 온다…?!
예전에는 미소가 끊이지 않던 그가 갑자기 웃음을 잃게 된 이유에 다가갑니다.

당신의 모습을 잘 보고 있는
커뮤증 미소녀 코미디,
제35권.","목차
커뮤 456 문화제 수고했어입니다 ―― 003
커뮤 457 문화제 폐회식입니다 ―― 023
커뮤 458 친구 모으기입니다 ―― 041
커뮤 459 도토리 줍기입니다 ―― 050
커뮤 460 웃게 만들자 모임입니다 ―― 061
커뮤 461 미즈하라 군입니다 ―― 079
커뮤 462 쇼스케 군입니다 ―― 097
커뮤 463 “메(め)”인가 “누(ぬ)”인가입니다 ―― 115
커뮤 464 “케(け)”인가 “하(は)”인가입니다 ―― 118
커뮤 465 “로(ろ)”인가 “루(る)”인가입니다 ―― 119
커뮤 466 “교(ぎょ)”인가 “긍(ん?ん)”인가입니다 ―― 120
커뮤 467 도시락입니다 ―― 125
커뮤 468 여친입니다 ―― 131
커뮤 469 여친입니다 2 ―― 135
커뮤 470 여친입니다 3 ―― 143
커뮤 471 착각입니다 ―― 148
커뮤 472 모의고사 결과입니다 ―― 161
커뮤 473 피어스 만지게 해주세요. 입니다 ―― 179
보너스 ―― 188
펼쳐보기"
141,만화,쓰레기 기둥서방 하나 군은 죽고 싶어 해 1,365046389,9791142315916,7830,아메코 지음,대원씨아이(만화),20250530,6500,5850,320점,7564,만화,"책소개
매일 일에 지쳐 있는 사회인 2년 차 요시노 카에데. 인생 최악의 어느 날, 만취한 카에데가 달이 아름다운 밤에 주운 것은 까맣고, 복슬복슬하고, 따뜻한…… 검은 고양이 같은 남자였다?! 돌아갈 집이 없는 ‘하나 군’과 기간 한정으로 같이 살게 되면서 누군가와 함께 사는 따뜻함을 알아가는 카에데. 그러던 중, 어떤 사건을 계기로 상상도 못했던 ‘진짜’ 하나 군을 알게 되는데…?!",
142,만화,주술회전 28 더블특장판,354729513,9791136796004,47830,"아쿠타미 게게 지음, 이정운 옮김",서울미디어코믹스(서울문화사),20241231,6000,5400,300점,28839,만화,"책소개
스쿠나의 술식 몰수가 실패로 돌아간 채, 히구루마는 이타도리 일행과 떨어져 스쿠나와 홀로 대치하게 된다――!! 히구루마가 휘두른 ‘필사’ 검의 일격은 과연 스쿠나에게 닿을 것인가…?! 그리고, 격전이 극에 달한 신주쿠에 도착한 ‘현대의 이능’ 옷코츠가 영역을 전개하는데?!",
143,만화,카난 님은 초보 악마 9,376754533,9791141171285,7650,논코 지음,학산문화사(만화),20251111,6000,5400,300점,2590,만화,,
144,만화,너와 넘어 사랑이 된다 7,376887726,9791127496517,7830,"유즈키 치히로 지음, 정우주 옮김",AK(에이케이)커뮤니케이션즈,20251110,6500,5850,320점,2780,만화,"책소개
만나고 나서 두 번째로 맞이하는 봄 ――.
새 학기를 맞이해 반이 갈라진 마리와 츠나구.
키사라의 남동생 노아도 1학년으로 요츠노하 고등학교에 입학하지만,
인간을 믿지 않아서 녹아들지 못하고 있었다.
그런 노아에게 관여하려고 하는 쌍둥이가 나타나는데――?!

“시즈마와 말을 서로 부딪쳤을 때만 비로소 호흡이 편해졌다니 웃기네.”

본심을 맞부딪쳐――
각각의 마음이 교차하는 제7권!","목차
33화
34화
35화
36화
37화"
145,만화,"신 울어라, 펜 3",376050962,9791142333705,7830,시마모토 카즈히코 지음,미우(대원씨아이),20251105,10000,9000,500점,2110,만화,,
146,만화,피콜리나 2,375536466,9791138441070,7830,"오오츠키 이치카 지음, 현노을 옮김",㈜소미미디어,20251105,7000,6300,350점,2970,만화,"책소개
『케야키 자매의 사계절』의 작가,
오오츠키 이치카의 신작!

버니걸 호우카와 마음을 빼앗긴 아키라는,
더블 데이트 도중, 그녀를 가게 밖으로 불러낸다.
“호우카 씨, 우리 둘이서 잠시 밖에 나가지 않을래요?”
젊은 꼬치집 청년의 순수한 열정과 사랑을 그려낸 제2권.

섬세한 묘사와 먹음직 스러운 음식 컷.
사랑스러운 버니걸과 함께하는 따뜻한 일상!","목차
제9화 먼저 친구부터
제10화 The purpose
제11화 호우카·컬러풀 버니
제12화 새벽의 즐거움
제13화 유키와 미나미
제14화 잎새버섯 꼬치가 나올 무렵
제15화 토리아키의 버니걸
제16화 버니의 오너"
147,만화,봄의 폭풍과 몬스터 7 (한정판),375158734,9791141170905,4650,미츠바치 미유키 지음,학산문화사(만화),20251030,28000,25200,"1,400점",5375,만화,"책소개
※ 한정판 구성
『봄의 폭풍과 몬스터 7』 단행본 + 초판 한정 폴라로이드 카드 + 아크릴 스탠드 + 컬러 포토 카드 1장 + 단색 포토 카드 1장 + 란코 학생증 + 나스 학생증",
148,만화,마법사의 신부 20,374876682,9791141164027,7650,야마자키 코레 지음,학산문화사(만화),20251021,6000,5400,300점,4130,만화,,
149,만화,가라오케 가자!,292511593,9788954685696,7830,"와야마 야마 지음, 현승희 옮김",문학동네,20220414,8500,7650,420점,34970,만화,"책소개
『빠졌어, 너에게』 『여학교의 별』 와야마 야마의 초기 걸작
2021년 [이 만화가 대단하다!] 여성편 5위,
전설을 낳은 와야마 야마 유니버스의 시작!

야쿠자 쿄지는 ‘문신’이라는 끔찍한 벌칙이 걸린 두목님 배 노래 대회에서 살아남기 위해 인근 중학교의 합창부 부장 사토미를 찾아간다. 슬럼프로 우울에 빠져 있던 사토미는 다짜고짜 찾아와 노래 선생님이 되어달라는 야쿠자 아저씨가 귀찮기만 하다. 하지만 쿄지와 있으면 슬럼프도 조금 잊히는 듯한데… 목숨을 건 노래 대회. 중학생 X 야쿠자, 두 남자의 설레는 의기투합!
 책의 일부 내용을 미리 읽어보실 수 있습니다. 미리보기","목차
가라오케 가자! (전편) 003
가라오케 가자! (후편) 067
부록 135
후기 160"
150,만화,우자키 양은 놀고싶어! 13,376051094,9791142333620,7830,타케 지음,대원씨아이(만화),20251105,5500,4950,270점,2490,만화,,
151,만화,학생회에도 구멍은 있다! 10,373371913,9791138487832,7830,"무치마로 지음, 옷무 옮김",㈜소미미디어,20251015,6000,5400,300점,12240,만화,"책소개
TV 애니화 결정!!
왠지 모르게 세상이 좋아지는, 사랑 가득 학생회 코미디♪

“어여 남친이라도 만들게...”
후지나스 학원 학생회는 정신없이 이벤트가 발생 중!

겨울 밤하늘 아래, 한 이불을 덮고 회장과 우메의 손이…!
거기에 이어서, 이름으로 불리는 코마로를 보고 회장이 우메에게 들이댄다--?!
대 아리스용 로봇 '메카 아리스'의 등장과, 반나체 아리스의 교내 배회편도 수록!
모두가 두근두근한 제⑩권입니다!","목차
제121화 나도 불러 줘
제122화 달려라! 사에구사!!
제123화 고대하던 눈놀이!
제124화 돌격 치과 의사 선생님♥
제125화 아르바이트의 소양!
제126화 두근두근 나베 파티!!
제127화 메카 아리스 탄생!
제128화 다 함께 밤놀이(출발편)
제129화 다 함께 밤놀이(별똥별편)
제130화 다 함께 밤놀이(집합편)
제131화 아리스 대위기!(데자뷔편)
제132화 아리스 대위기!(배드엔딩편)
제133화 모두의 장래!
제134화 타이가의 트라우마
제135화 후끈츠카 선생님의 우울
보너스
진짜 보너스
진심 보너스
펼쳐보기"
152,만화,프레임&잉크,372091541,9788979294613,13650,"마르코스 마테우메스트리 지음, 안예나 옮김",잉크잼(잼스푼),20250910,35000,31500,"1,750점",7025,만화,"책소개
프레임 하나가
비주얼 스토리텔링의 성패를 가른다

“이보다 더 뛰어난 스승을 만나기는 어려울 것.” 『프레임&잉크』는 드림웍스 애니메이션 CEO 제프리 캐천버그가 이같이 극찬한 비주얼 스토리텔링의 ‘마스터 클래스’이다. 〈발토〉, 〈이집트 왕자〉, 〈드래곤 길들이기 2〉, 〈장화 신은 고양이: 끝내주는 모험〉 등 30년 넘게 장편 애니메이션에서 활약해 온 베테랑 아티스트 마르코스 마테우메스트리의 풍부한 노하우가 담겨 있다. 기본 구도 설정부터 카메라 움직임에 따른 연출 변화, 클라이맥스 표현, 그리고 그래픽 노블만의 표현법까지 폭넓게 다루며 드림웍스, 넷플릭스, 소니 픽처스 애니메이션 등과 협업을 통해 현장에서 검증된 실전 기법들을 총망라했다. 영화, 게임, 만화, 웹툰, 그래픽 노블 등 다양한 분야의 창작자에게 시각적 표현과 이야기 구성에 있어 든든한 멘토가 되어 줄 것이다.
 책의 일부 내용을 미리 읽어보실 수 있습니다. 미리보기","목차
추천사 11
들어가며 15

Chapter 1 내러티브 아트란 무엇인가? 17

비주얼 스토리텔링에 필요한 것 18
작품 속 세계로 사람들을 끌어들이려면 18
이야기의 전반적인 톤과 일관성을 유지하라 19
말로 직접 전하지 말고 느끼게 만들어라 19

Chapter 2 개별 컷의 드로잉과 구도 기초 21

분위기 22
조명 23
키아로스쿠로(명암법)가 필요한 이유 24
주변을 제대로 관찰해 보자 25
구도 설정에 앞서 살펴야 할 것들 28
렌즈의 중요성 32



기본 구도 설정이 먼저다 38
PART 1 정지 구도에 담긴 시각적 메시지 40
레스토랑(일반적인 사례) 40
설정 숏 42
장면에 움직임 불어넣기 43
압박감과 무력감 44
강렬한 업 숏 45
네거티브 스페이스 활용하기 46
질서와 혼돈 48
복잡함과 단순함 49
크고 작음 50
각진 형태와 둥근 형태 51
부분으로 전체를 암시하는 효과 52
크게, 중간, 작게 53
풍경을 하나의 인물처럼 54
감추고 드러내기(감정의 문제) 55
부자연스러운 구도 56
시점 숏 57
낮과 밤 58
초점 유지하기 59
점진적 크기 변화 60
아는 것과 모르는 것(인터커팅) 61
주요 관심 대상 밖을 활용하기 62
액션 숏 63

PART 2 움직임에 따른 구성과 표현 64
카메라 움직임의 의도 64
수평 패닝(기차역) 64
수직 패닝(웅장한 숏) 66
분위기 변화(남자의 방문) 68
드러내기(신대륙) 70
카메라 고정(여행자들의 저녁 식사) 72
카메라 고정(사막에서의 만남) 74



연속성 관점에서 생각하라 79
왜 클라이맥스를 만들어야 할까? 79
클라이맥스로 향하기 1 옆에서 바라본 기차 80
클라이맥스로 향하기 2 멀리서 다가오는 기차 82
같은 요소로 전혀 다른 메시지 전하는 법 84
카우보이 1 카메라를 같은 위치에 고정했을 때 84
카우보이 2 의도를 가지고 카메라 위치를 바꿨을 때 87
시점 전환으로 전혀 다른 메시지 전하는 법 88
바이커들 첫 번째 장소 ‘미스터리한 집’ 88
바이커들 두 번째 장소 ‘다락방의 갱단’ 91
180도 법칙이란? 93



소개 98
PART 1 캐릭터 디자인 99
머리 실루엣 100
전신 실루엣 104
얼굴 표정 106
몸의 표정 108
PART 2 칸과 페이지 구성 111
칸 나누기 112
페이지 레이아웃 115
말풍선과 의성어 120
마치며 123
찾아보기 130
펼쳐보기"
153,만화,그 비스크 돌은 사랑을 한다 13,349387430,9791138484442,7830,"후쿠다 신이치 지음, 박연지 옮김",㈜소미미디어,20241016,6000,5400,300점,7974,만화,"책소개
TV 애니메이션 2기 제작 결정!!
현지 누적 발행 부수 1,000만 부 돌파!!
메가히트 코스프레 러브 코미디!!

모든 것을 사로잡는 건하니엘뿐만 아니었다…?

와카나가 심혈을 기울여 만든 〈천명〉 의상도 완성되고마침내 겨울 코믹 당일!첫 코믹 마켓 참가로 한껏 들뜬 마린.최고의 의상과 메이크업으로 행복한 하루를 보낼 터였는데…?","목차
제96화
제97화
제98화
제99화
제100화
제101화
제102화
보너스"
154,만화,블루 피리어드 1,378808440,9791173209161,7830,"야마구치 츠바사 지음, 신혜선 옮김",YNK MEDIA(만화),20251127,6000,5400,300점,5110,만화,"책소개
우수한 성적, 뛰어난 처세술.
잘 노는 '불량아'로 통하면서 동시에 인망까지 두터운 리얼충 고교생이 하루아침에 그림 그리는 재미에 눈을 떴다!!
미대를 목표로 청춘을 불태우는 스포츠 근성 수험 이야기가 지금. 개막된다!!!","목차
【한 획】그림 그리는 즐거움을 깨닫다
【두 획】유의미한 시간
【세 획】전혀 타지 않았어
【네 획】진짜 신은 아니야"
155,만화,카케구루이 19,377096496,9791141164447,7650,"카와모토 호무라 지음, 나오무라 토루 그림",학산문화사(만화),20251114,6000,5400,300점,3110,만화,,
156,만화,향기로운 꽃은 늠름하게 핀다 7,336635744,9791172033804,,미카미 사카 지음,대원씨아이(만화),20240322,6000,5400,300점,8245,만화,,
157,만화,향기로운 꽃은 늠름하게 핀다 1,322919098,9791170628606,,미카미 사카 지음,대원씨아이(만화),20230830,6000,5400,300점,10089,만화,,
158,만화,내 마음의 위험한 녀석 12,379009893,9791138488396,7830,"사쿠라이 노리오 지음, 조원로 옮김",㈜소미미디어,20251203,6000,5400,300점,6000,만화,"책소개
극장판 애니메이션 제작 중!!
인싸 미소녀 × 아싸 소년의
극한 달콤 청춘 러브코미디!!

고등학교에 합격할 때까지 밖에서 만나지 않기로 한다――.
입시 준비와 일 때문에 만나지 못하는 날이 많아진 두 사람.
보고 싶은 마음을 꾹 참으면서 공부에 매진하는 쿄타로.
하지만 어느 날 밤…
야마다네 집에서 단둘이?!
그렇고 그런 분위기에 휩싸이는데?!
한편, 누나의 취준이 시작되고 누나가 있는 밴드가 해체될 위기에 처한다?!
입시와 사랑과 가족.
쿄타로를 둘러싼 환경이 바뀌어 간다….
그리고 만나지 못하는 크리스마스에 쿄타로와 야마다는?!","목차
karte. 155 난 이해심이 많은 척을 한다
karte. 156 난 본심을 말한다
karte. 157 난 뭘 하고 있는 걸까
karte. 158 난 아침 일찍 귀가했다
karte. 159 난 쓸쓸하다
karte. 160 난 등을 떠밀어 주길 바란다
karte. 161 우린 잠들 수 없다
karte. 162 난 얘기해 버린다
karte. 163 난 길을 찾고 싶다
karte. 164 난 움직이기 시작한다
karte. 165 난 원만하게 해결하고 싶다
karte. 166 난 아무것도 필요 없다
karte. 167 우린 아무 말도 못 한 채
karte. 168 난 어디에 있든 널 찾아낸다
펼쳐보기"
159,만화,회사와 사생활 : 온앤오프 3 (한정판),376840286,9791141165215,7650,카나자와 신노스케 지음,학산문화사(만화),20251125,16000,14400,800점,2440,만화,"책소개
※ 한정판 구성
『회사와 사생활 3』 단행본 + 소책자",
160,만화,To Love 트러블 : 다크니스 리커버 10,375553574,9791142812057,47830,"야부키 켄타로 지음, 서울미디어코믹스 편집부 옮김, Saki Hasemi 각본",서울미디어코믹스(서울문화사),20251030,13000,11700,650점,2840,만화,,
161,만화,불가항력의 I LOVE YOU 5,368087158,9791142807060,47830,"호시노 미즈키 지음, 김서은 옮김",서울미디어코믹스(서울문화사),20250718,6000,5400,300점,10404,만화,"책소개
생일 서프라이즈로 급접근!!

사귀고 처음 맞는 와타야 선배의 생일!
와타야 선배를 행복하게 만들어주고 싶어서 서프라이즈 데이트를 계획한 세나.
즐거운 날이 될 예정이었지만, 어떤 사람의 연락을 계기로 와타야 선배의 고민이 드러난다….
게다가 「세나를 엉망진창으로 만들지도 모른다」라는 충격적인 발언도 튀어나오는데――?!",
162,만화,나의 히어로 아카데미아 파이널 팬북 Ultra Age,379026856,9791142813863,47830,"호리코시 코헤이 지음, 오경화 옮김",서울미디어코믹스(서울문화사),20251128,12000,10800,600점,7000,만화,"책소개
10년간의 『히로아카』가 전부 담긴 파이널 팬북이 왔다!!!!!
330페이지에 걸쳐서 『히로아카』를 완전 탐구!!

★히어로&빌런의 최신 퍼스널 데이터와 격투를 캐릭터별로 되돌아본다!!
★“개성”이나 필살기 등, 『히로아카』의 세계를 대소개!!
★전 세계 캐릭터 인기 투표&초투표 Vol.1~4 결과 발표!!
★호리코시 코헤이 선생님과 역대 담당 편집자의 릴레이 대담, 독자 질문함으로 『히로아카』의 이면을 탐구한다!!
★호리코시 코헤이 선생님 오리지널 특별 단편 5P &핀업 일러스트도!!",
163,만화,켄투리아 3,377881115,9791141166564,7650,쿠라모리 토오루 지음,학산문화사(만화),20251119,6000,5400,300점,2910,만화,,
164,만화,드래곤볼 SD 10,374824851,9791142812217,47830,"오오이시 나호 지음, 토리야마 아키라 원작",서울미디어코믹스(서울문화사),20251021,10000,9000,500점,3885,만화,"책소개
붕괴를 앞둔 나메크성에서 오반 일행을 구출하기 위해
드래곤볼을 사용하는 계왕.
한편, 초사이어인이 된 오공은 풀파워의 프리저와 대치한다.
오반 일행은 살아남을 수 있을까?! 오공과 프리저의 전투, 그 승자는?!","목차
제89화 결국…! 프리저, 우주 최강의 풀파워!!
제90화 닿아라! 지구에서 빈 소원
제91화 이루어진 마지막 소원
제92화 예상 못 한 결말
제93화 결착
제84화 강림한 절망
제95화 또 한 명의 초사이어인
제86화 수수께끼가 가득한 소년
제97화 불가사의한 소년의 정체
특별편"
165,만화,귀멸 학원! 1,301884449,9791169274265,,"호카미 나츠키 지음, 고토게 코요하루 원작",학산문화사(만화),20220923,6000,5400,300점,8838,만화,"책소개
『귀멸의 칼날』 공식 스핀오프 만화. 학생이 된 탄지로와 친구들, 그리고 주(柱)들이 선생님으로 등장! 본편과는 또다른 재미가 가득한 탄지로와 친구들의 즐거운 일상 속으로!
★『귀멸 학원!』은 매월 15일 온라인 연재 중",
166,만화,사카모토 데이즈 21 (더블 특전판),369056525,,7830,스즈키 유우토 지음,대원씨아이(만화),20250731,6500,5850,320점,25670,만화,,
167,만화,향기로운 꽃은 늠름하게 핀다 10,343487620,9791172455873,7830,미카미 사카 지음,대원씨아이(만화),20240723,6000,5400,300점,8929,만화,,
168,만화,향기로운 꽃은 늠름하게 핀다 9,340291830,9791172039608,,미카미 사카 지음,대원씨아이(만화),20240528,6000,5400,300점,8881,만화,,
169,만화,향기로운 꽃은 늠름하게 핀다 2,327563621,9791171244614,,미카미 사카 지음,대원씨아이(만화),20231027,6000,5400,300점,9210,만화,,
170,만화,아빠는 요리사 173,376754397,9791141169497,7650,우에야마 토치 지음,학산문화사(만화),20251111,6000,5400,300점,2100,만화,,"목차
〈제173권의 메뉴〉
신(新) 두툼한 달걀부침
데굴데굴 비프스튜
마로니 퍼
타코야키 볶음밥
애중 크레이프
전갱이 튀김 우동
옛날식 아키소바
장어 샌드&장어 도그
장어 카츠 덮밥"
171,만화,이웃집 스텔라 8,375080968,9791142811999,47830,"Ammitsu 지음, 이소연 옮김",서울미디어코믹스(서울문화사),20251024,6000,5400,300점,4540,만화,"책소개
「치아키는 절대 안 줘요.」

장거리 연애 중인 치아키에게 고백하고, 계속 대시하는 타카하시를 견제하기 위해 촬영 중 뜨는 시간에 달려온 스바루.
치아키를 둘러싼 남자들의 불꽃 튀는 전쟁이 시작된다―!
다른 한편에선, 촬영이 진행되는 가운데 스바루를 향한 마주의 마음도 움직이기 시작하는데…?!

너무나 좋아하는… 하지만 그래서 자꾸 엇갈리는
연예인 소꿉친구와의
멀고도 가까운 사랑 이야기, 제8권!",
172,만화,귀멸의 칼날 외전,284699967,9791134895693,,"고토게 코요하루, 히라노 료지 지음",학산문화사(만화),20211213,6000,5400,300점,13354,만화,"책소개
수주(水柱) 토미오카가 만난 마타기 소녀 야에는 아버지의 원수를 갚기 위해 산으로 들어가는데― 그리고, 염주(炎柱)가 되기 전의 렌고쿠와 도깨비가 펼치는 싸움의 행방은…. 『외전』두 편, 탄지로 일행의 ‘헐랭한’ 활극담 4컷 만화 『귀멸의 짬!』도 완전 수록된 공식 스핀오프!!",
173,만화,팬텀 버스터즈 4,370290371,9791138439091,7830,"네오쇼코 지음, 김지혜 옮김",㈜소미미디어,20250827,6500,5850,320점,15490,만화,"책소개
현지 누계 85만부 돌파!!!
문제아들의 제령x청춘 코미디!

팬텀 버스터즈 소멸 위기?!
정해진 기간 내에 고문 선생님을 찾지 못하면 개성 강한 오컬트 연구부에 흡수된다!
고문을 부탁할 선생님을 찾지 못해 고민하던 중, 모가리의 학교에 과거에 세계를 구했다고 자칭하는 †중2병 교사†가 부임하는데―?!
과연, 중2병이 폭발하는 교사를 고문으로 영입할 수 있을까?!

아르바이트·여름 페스티벌·생일까지!
네 사람의 청춘에서 눈을 뗄 수 없다!!","목차
제13화 고문 선생님을 찾자!
제14화 아르바이트를 하자!
제15화 여름 페스티벌에 가자!
제16화 교토"
174,만화,블루 피리어드 2,378808731,9791173209178,7830,"야마구치 츠바사 지음, 신혜선 옮김",YNK MEDIA(만화),20251202,6000,5400,300점,4490,만화,"책소개
그림 그리는 재미에 푹 빠져 미대 지원을 결심한 고교생 야구치 야토라. 인간관계와 공부를 일종의 미션으로 여기며 살아온 리얼충이 처음으로 열망을 가지면서 인생이 바뀐다.
그림을 안 그리는 사람도 공감하는 스포츠 근성의 미대 수험 스토리. 세계는 시련과 기쁨으로 가득 차 있다!","목차
【다섯 획】 학원 데뷔 오프 더 데드
【여섯 획】 오히려 순수한가
【일곱 획】 우리는 어디로 가는가
【여덟 획】 입시용 그림"
175,만화,쓰레기 기둥서방 하나 군은 죽고 싶어 해 2,372712759,9791142327711,7830,아메코 지음,대원씨아이(만화),20250923,6500,5850,320점,5405,만화,"책소개
사랑하는 고양이 하나코가 죽어 절망한 요시노 카에데 앞에 나타난 건, 어딘가 하나코를 닮은 남자 하나 군. 처음에는 기한 한정으로 집에 머물게 했지만, 정신을 차려보니 옆집으로 이사 와서 점점 카에데의 삶 속으로 스며든다. 알면 알수록 비밀이 많고, 때로는 터무니없이 어두운 눈을 하는 하나 군. 그를 내버려둘 수 없었던 카에데는 하나 군에 대해 더 알고 싶다며 되돌아올 수 없는 길로 들어선다. 하나 군이 카에데에게 쏟아내는 감정은 점점 더 격렬해지는데…?!",
176,만화,안쪽까지 사랑해줘 4,375664016,9791166165542,7830,모모세 안 지음,㈜에이블웍스C&C,20251104,6000,5400,300점,1860,만화,,
177,만화,소꿉친구 컴플렉스 1~3 세트 - 전3권,374950012,9791143205773,4810,은하이 지음,네이버웹툰,20251215,48000,43200,"2,400점",3105,만화,,
178,만화,연의 편지 (리커버 양장),371721695,9791196155773,7650,조현아 지음,손봄북스,20251001,21000,18900,"1,050점",2650,만화,"책소개
※ 한정판 패키지 구성
『연의 편지 (리커버 양장본, 작가 친필 사인 인쇄본)』 + 「0번째 편지」(지도 봉투 1장 + 캐릭터 카드 3장 + 우표 스티커 2장 + 반 친구 캐릭터 편지 1장 + 배경 엽서 4장) + 표지 일러스트 와이드 엽서 4매 + 도서 대출 카드 + 작가님 후일담 엽서 1장 + 단행본 특별 외전 「추신」 수록

편지와 함께 찾아온 마법 같은 시간
낯설고 두려운 순간, 나를 인도하듯 날아온 편지와 그 안에 적힌 수수께끼.
편지를 따라가면 너를 만날 수 있을까…?

주인공 소리는 이전 학교에서 겪은 학교 폭력의 후유증으로 새로운 학교에서도 겉돌고 있었으나, 어느 날 책상 안쪽에 붙어 있는 숨겨진 편지를 발견하며 모든 것이 바뀐다. 발신인 불명의 편지는 학교의 지름길, 반 친구들의 얼굴과 이름표, 선생님의 특징을 설명하며 소리가 새 학교에 빨리 적응하면 좋겠다고 응원해 준다.

리커버 양장본은 작가님의 새로운 표지 일러스트로 책표지를 다시 제작하고, 작가님 친필 사인과 선화가 면지에 담기고, 지난 기간 발간되었던 아름다운 표지들을 모아 일러스트 엽서 4장으로 구성했다. 책 뒷부분에 작품 속에 등장한 도서 대출 카드를 실물로 재현하고, 작가님의 『연의 편지』 탄생 비화와 극장판 애니메이션 제작 견학 후일담 엽서를 함께 전한다.

한정판 패키지에는 작품 속 편지를 독자들이 직접 받은 것 같은 느낌을 선사하기 위해 첫 출간 시 뜨거운 반응을 일으켰던 '0번째 편지'를 포함하여 첫 출간 당시 구매하지 못해 아쉬움을 달랬던 독자들에게 희소식이 될 수 있게 했다. '0번째 편지'에는 작품 속에 등장하는 소품을 테마로 구성되었다. 첫 번째 편지에 등장한 학교 주변 지도 봉투와 싱그러운 주인공들의 캐릭터 카드 3장, 작품의 감성을 담은 가상 우표 스티커 2장, 반 친구들의 얼굴을 그림으로 알려줬던 친절한 반 친구 캐릭터 편지를 재현했다. 또한 편지가 숨겨져 있던 주요 장소의 배경 엽서 4장까지 포함하여 하나의 패키지로 구성했다.
 책의 일부 내용을 미리 읽어보실 수 있습니다. 미리보기","목차
첫 번째 편지
두 번째 편지
세 번째 편지
네 번째 편지
다섯 번째 편지
여섯 번째 편지
일곱 번째 편지
여덟 번째 편지
아홉 번째 편지
마지막 편지
추신"
179,만화,향기로운 꽃은 늠름하게 핀다 15,370615925,9791142325731,7830,미카미 사카 지음,대원씨아이(만화),20250829,6000,5400,300점,6835,만화,,
180,만화,신부이야기 15,366700348,9791142319112,7830,모리 카오루 지음,대원씨아이(만화),20250627,8000,7200,400점,14560,만화,,
181,만화,향기로운 꽃은 늠름하게 핀다 8,339339404,9791172036898,,미카미 사카 지음,대원씨아이(만화),20240513,6000,5400,300점,8151,만화,,
182,만화,향기로운 꽃은 늠름하게 핀다 6,335258160,9791172030551,,미카미 사카 지음,대원씨아이(만화),20240229,6000,5400,300점,8304,만화,,
183,만화,귀멸의 칼날 21,294409871,9791168764422,,고토게 코요하루 지음,학산문화사(만화),20201126,6000,5400,300점,10140,만화,"책소개
상현 1과의 격투, 마침내 결판의 순간!! 사력을 다한 싸움 끝에 귀살대는 가까스로 승리를 거두지만, 그 대가는 너무도 컸다... 더욱이, 무한성 밑바닥에서 도깨비의 시조 키부츠지 무잔이 움직이기 시작한다...! 그 때, 탄지로는-?!",
184,만화,고깔모자의 아틀리에 14,374876519,9791141168056,7650,시라하마 카모메 지음,학산문화사(만화),20251022,6000,5400,300점,4010,만화,"책소개
「이대로 두면 그들은 살 수 없어…」
겨우 다시 만난 쿠스타스와 다그다. 의료탑에 도착한 두 사람은 이제 의사의 치료를 기다리기만 하면 된다. 하지만 그 순간, 키프리에게 무서운 예감이 찾아온다. 한편 도시를 덮치는 장막거머리로부터 사람들을 지키기 위한 작전을 떠올린 코코. 많은 마법사들의 힘을 빌려 준비를 하는데, 과연 그 작전이란―?
누군가의 희망은 누군가의 절망. 별들이 이루어주는 것은 누구의 소원일까?",
185,만화,데스 노트 Death Note 1,293793915,9791136297006,,"오바 츠구미 지음, 오바타 다케시 그림",대원씨아이(만화),20041008,5500,4950,270점,6993,만화,"책소개
데스노트",
186,만화,괴수 8호 15 (트리플 특장판),364449659,9791142801778,47830,"마츠모토 나오야 지음, 유유리 옮김",서울미디어코믹스(서울문화사),20250529,6000,5400,300점,20085,만화,"책소개
※ 구성
특전 1 : 아크릴 일러스트 보드
특전 2 : 아시로 미나 일러스트 카드
특전 3 : 방위대 일러스트 카드(3종 중 1종 증정)

어린 시절의 약속을 지켜, 아시로 미나의 옆에서 괴수 9호를 토벌하기 위해 움직이는 카프카.
격렬한 공방 중에 폭주 상태인 8호의 힘을 맞부딪쳐 9호의 실드를 깨고 핵을 꿰뚫자, 9호의 안에서 그 힘의 근원이 나타나는데…?!
――마음을 다음 세대로 이어주는 제15권!!",
187,만화,원피스 110,355678823,9791142305320,7830,오다 에이치로 지음,대원씨아이(만화),20250123,6000,5400,300점,24463,만화,,
188,만화,그저 여명일 뿐 3,377909739,9791127560997,7810,"우지혜 지음, 강기 그림",재담,20251120,16000,14400,800점,3810,만화,"책소개
잊을 수 없었지만,
잊었다 생각한 첫사랑을 만나면
다시 사랑할 수 있을까?

""검은 티셔츠에 청바지. 권범진, 네가 왜 여기에...""

범진과 갑작스러운 이별을 경험한 후
준영은 승운 엄마의 지원을 받아 생계와 학업을 이어가 대기업 한경에서 커리어를 쌓고 있다.
그러던 어느 날,
부산의 한 건설현장에서 추락사고가 발생해 진상조사를 위해 준영이 파견된다.
그곳에서 김씨로 불리는 범진과 어쩌다 마주친 준영.
북받치는 기쁨도 잠시...
범진은 준영을 알아보는 것 같지가 않았다.","목차
31~45화 수록"
189,만화,오! 나의 여신님 신장판 20,374806385,9791142333613,7830,후지시마 코스케 지음,대원씨아이(만화),20251021,15000,13500,750점,3500,만화,,
190,만화,파이브 스타 스토리 The Five Star Stories 18,369001873,9791142808357,47830,"나가노 마모루 지음, 김동욱 옮김",서울미디어코믹스(서울문화사),20250731,12000,10800,600점,12245,만화,"책소개
서로를 사모하는 필모어 황제와 기사.
별들을 잇는 파티마의 경이로운 힘!

추축 각국에 의해 시작된 나카카라 침공.
필모어 군은 부대를 분산해 대항한다.
교묘한 책략에 맞서 크리스틴 V는 고군분투하지만, 서서히 궁지에 몰리게 되는데.
그때 황제 다이 그가 내리는 결단은?
그것에 응하는 파티마 찬다나의 각오는?
한편, 욘 바인첼은 숙명의 상대 데코스 와이즈멜과 마침내 접촉한다!",
191,만화,향기로운 꽃은 늠름하게 핀다 11,350620490,9791172885205,7830,미카미 사카 지음,대원씨아이(만화),20241025,6000,5400,300점,8537,만화,,
192,만화,클레바테스 7,376273356,9791194979678,7830,"이와하라 유지 지음, 이승원 옮김",오팬하우스,20251107,7000,6300,350점,1730,만화,"책소개
토아의 서에 의해 조그마한 마수로 변한 알리시아에게
연이러 내려지는 절체절명의 『시련』!
한편, 클렌은 신학교 솔세인의 비밀을 밝히기 위해
거대한 탑을 세워 학교 전체를 가혹한 전장으로 바꾸는데…!
마수왕 보딘이 꾸미는 『용사 전승』의 부활은
과연 이 세상에 어떤 변혁을 가져올 것인가…?!","목차
제35막 움직이기 시작한 그림자
제36막 검은 탑
제37막 자신과의 싸움
제38막 전투 개시
제39막 속삭이는 목소리"
193,만화,사치록 : 사치의 묵시록 5,376050813,9791142333200,7830,챤타 지음,대원씨아이(만화),20251105,6500,5850,320점,1780,만화,,
194,만화,컬러 앤 라이트,353133344,9788979294408,13650,제임스 거니 지음,잉크잼(잼스푼),20241202,35000,31500,"1,750점",10159,예술/대중문화,"책소개
개정판으로 돌아온 빛과 색의 바이블!

2012년 국내에 출간되어 뜨거운 사랑을 받았던 『컬러 앤 라이트』가 성원에 힘입어 더 높은 품질의 번역과 편집으로 다시 찾아왔습니다. 『컬러 앤 라이트』는 세계적인 일러스터레이터이자 작가인 제임스 거니의 신진 작가를 위한 미술 교육서로, 출간 즉시 매진 열풍을 일으키며 아마존 미술 부문에서 100주 연속 베스트셀러에 올랐습니다. 명실상부 전 세계 일러스트레이터의 필독서로 자리매김한 이 책은, 빛과 색에 대한 헷갈리는 정보와 잘못된 오해 들을 과학과 관찰을 토대로 바로잡습니다. 편집과 디자인이 새로워진 『컬러 앤 라이트』를 통해, 빛과 색에 대한 이론을 마스터해보세요.
 책의 일부 내용을 미리 읽어보실 수 있습니다. 미리보기","목차
머리말 8

1장 채색의 역사

옛 거장의 채색 12
아카데미즘 회화 14
영국의 야외 사생 16
허드슨 리버 화파 18
외광 회화 운동 20
상징주의의 꿈 22
잡지 일러스트 24

2장 광원

맑은 날의 빛 28
흐린 날의 빛 30
창문으로 들어오는 빛 32
촛불과 난로 불빛 34
실내 전등 36
가로등과 야경 38
루미네선스 40
숨은 광원 42



형태 원리 46
빛과 어둠의 구분 48
투영 그림자 50
반그림자 52
본그림자 54
사광 56
순광 58
에지 라이팅 60
역광 62
언더 라이팅 64
반사광 66
스포트라이트 68
형태 원리의 한계 70



색상환 다시 생각하기 74
채도와 명도 76
고유색 78
회색과 무채색 80
초록을 둘러싼 문제 82
그러데이션 84
틴트 86



안료 탐구의 역사 90
안료 색상환 92
내광성 94
난색으로 밑색 칠하기 96
스카이 패널 98
투명 물감과 글레이징 100
팔레트 구성 102
제한된 팔레트 104
진흙색 논쟁 106



단색 계획 110
난색과 한색 112
색을 띤 빛의 작용 114
삼색 배색 116
강조색 118



컬러 스트링 준비 122
색 영역 매핑 124
색 영역 마스크 만들기 126
배색 형태 128
색 영역으로만 혼색하기 130
컬러 스크립트 132



색이 없는 세상 136
달빛은 푸른가? 138
에지와 깊이 140
색채 대립 142
색채 항상성 144
색순응과 색상 대비 146
색채 치료와 색채 연상 148



투과광 152
서브서피스 스캐터링 154
얼굴의 색 영역 156
머리카락의 비밀 158
코스틱 160
정반사 162
하이라이트 164
컬러 코로나 166
블러 처리 168
사진 대 관찰 170



파란 하늘 174
대기 원근법 176
역색 투시 178
골든아워의 빛 180
일몰 182
흐린 하늘 184
무지개 186
스카이 홀과 나뭇잎 표현 188
태양 광선과 그림자 광선 190
아롱거리는 햇빛 192
구름 그림자 194
햇빛이 비치는 전경 196
눈과 얼음 198
수면 반사와 투명도 200
계곡 202
수중의 색 204



연속 스케치 208
마지막 정리 210



용어 사전 214
안료 정보 218
추천 도서와 참고 자료 220
맺음말 222

찾아보기 222
펼쳐보기"
195,만화,고양이와 할아버지 11 + 2026 캘린더,378765148,9791142335310,4830,"네코마키 지음, 오경화 옮김",미우(대원씨아이),20251125,26000,23400,"1,300점",3900,만화,,
196,만화,불멸의 그대에게 24,378049657,9791142335150,7830,오이마 요시토키 지음,대원씨아이(만화),20251120,5500,4950,270점,2970,만화,,
197,만화,향기로운 꽃은 늠름하게 핀다 12,355965297,9791142305535,7830,미카미 사카 지음,대원씨아이(만화),20250117,6000,5400,300점,8408,만화,,
198,만화,타코피의 원죄 - 하,312942437,9791169793216,,Taizan5 지음,대원씨아이(만화),20230310,6000,5400,300점,13951,만화,,
199,만화,타코피의 원죄 - 상,312942363,9791169793209,,Taizan5 지음,대원씨아이(만화),20230328,6000,5400,300점,14312,만화,,
200,만화,고랭순대 작품집 3,378778522,9791142338458,7810,고랭순대 지음,대원씨아이(만화),20251130,15000,13500,750점,3700,만화,"책소개
천재 스토리텔러 고랭순대가 남긴
서늘하고 불온하지만 가슴을 흔드는 천일야화

블로그와 포스타입을 통해 작품을 발표하며 큰 반향을 얻었던 고랭순대 작가의 첫 작품집이 단행본으로 묶였다. 투박하지만 귀여운 그림체로 서늘할 만큼 불편한 이야기를 풀어놓지만 결국은 가슴을 흔드는 천재 스토리텔러 고랭순대의 첫 단행본이다. 안타깝게도 2024년 8월 고랭순대 작가는 더 이상 작품을 발표할 수 없는 곳으로 떠났다. 정말 안타까운 일이지만, 아직 독자들에게 선보이지 않은 작품이 다수 있다. 이 작품들은 이어지는 작품집에서 전부 소개될 예정이다.

고랭순대 작품집 3권에는 「깜짝상자」, 「오래된 시계열」, 「■■대상」, 「마지막 시나리오」 그리고 처음으로 공개되는 오노마토페 「지옥꿈」이 담겨 있다.","목차
1 오노마토페 깜짝상자
2 오노마토페 지옥꿈(미공개)
3 잿빛추리관 오래된 시계열
4 잿빛추리관 ■■대상
5 잿빛추리관 마지막 시나리오"